SlNo,State_Code,State,District_Key,District,Confirmed,Active,Recovered,Deceased,Migrated_Other,Delta_Confirmed,Delta_Active,Delta_Recovered,Delta_Deceased,District_Notes,Last_Updated
0,UN,State Unassigned,UN_Unassigned,Unassigned,0,0,0,0,0,0,0,0,0,,
1,AN,Andaman and Nicobar Islands,AN_Nicobars,Nicobars,0,0,0,0,0,0,0,0,0,District-wise numbers are out-dated as cumulative counts for each district are not reported in bulletin,
2,AN,Andaman and Nicobar Islands,AN_North and Middle Andaman,North and Middle Andaman,1,0,1,0,0,0,0,0,0,District-wise numbers are out-dated as cumulative counts for each district are not reported in bulletin,
3,AN,Andaman and Nicobar Islands,AN_South Andaman,South Andaman,51,19,32,0,0,0,0,0,0,District-wise numbers are out-dated as cumulative counts for each district are not reported in bulletin,
0,AP,Andhra Pradesh,AP_Foreign Evacuees,Foreign Evacuees,434,0,434,0,0,0,0,0,0,,
4,AP,Andhra Pradesh,AP_Anantapur,Anantapur,49789,4008,45367,414,0,483,-280,756,7,,
5,AP,Andhra Pradesh,AP_Chittoor,Chittoor,50146,8314,41298,534,0,748,-163,902,9,,
6,AP,Andhra Pradesh,AP_East Godavari,East Godavari,78220,12022,65740,458,0,1412,-76,1484,4,,
7,AP,Andhra Pradesh,AP_Guntur,Guntur,46004,7239,38300,465,0,666,-511,1175,2,,
8,AP,Andhra Pradesh,AP_Krishna,Krishna,21475,2929,18195,351,0,201,-145,342,4,,
9,AP,Andhra Pradesh,AP_Kurnool,Kurnool,51966,3946,47598,422,0,341,-102,438,5,,
0,AP,Andhra Pradesh,AP_Other State,Other State,2461,0,2461,0,0,0,0,0,0,,
10,AP,Andhra Pradesh,AP_Prakasam,Prakasam,36886,13747,22760,379,0,444,-632,1071,5,,
11,AP,Andhra Pradesh,AP_S.P.S. Nellore,S.P.S. Nellore,44130,4698,39038,394,0,756,-379,1132,3,,
12,AP,Andhra Pradesh,AP_Srikakulam,Srikakulam,32747,6203,26254,290,0,517,-84,597,4,,
13,AP,Andhra Pradesh,AP_Visakhapatnam,Visakhapatnam,44338,5925,38050,363,0,490,-21,506,5,,
14,AP,Andhra Pradesh,AP_Vizianagaram,Vizianagaram,28427,9864,18363,200,0,481,170,307,4,,
15,AP,Andhra Pradesh,AP_West Godavari,West Godavari,51565,8813,42360,392,0,1091,1054,33,4,,
16,AP,Andhra Pradesh,AP_Y.S.R. Kadapa,Y.S.R. Kadapa,36491,5496,30685,310,0,326,-699,1021,4,,
17,AR,Arunachal Pradesh,AR_Anjaw,Anjaw,79,24,55,0,0,0,0,0,0,,
18,AR,Arunachal Pradesh,AR_Changlang,Changlang,593,100,493,0,0,0,0,0,0,,
19,AR,Arunachal Pradesh,AR_East Kameng,East Kameng,242,21,221,0,0,0,0,0,0,,
20,AR,Arunachal Pradesh,AR_East Siang,East Siang,407,152,254,1,0,0,0,0,0,,
21,AR,Arunachal Pradesh,AR_Kamle,Kamle,3,0,3,0,0,0,0,0,0,,
22,AR,Arunachal Pradesh,AR_Kra Daadi,Kra Daadi,4,1,3,0,0,0,0,0,0,,
23,AR,Arunachal Pradesh,AR_Kurung Kumey,Kurung Kumey,20,15,5,0,0,0,0,0,0,,
24,AR,Arunachal Pradesh,AR_Lepa Rada,Lepa Rada,78,21,57,0,0,0,0,0,0,,
25,AR,Arunachal Pradesh,AR_Lohit,Lohit,190,49,141,0,0,0,0,0,0,,
26,AR,Arunachal Pradesh,AR_Longding,Longding,83,51,32,0,0,0,0,0,0,,
27,AR,Arunachal Pradesh,AR_Lower Dibang Valley,Lower Dibang Valley,138,88,50,0,0,0,0,0,0,,
28,AR,Arunachal Pradesh,AR_Lower Siang,Lower Siang,146,22,124,0,0,0,0,0,0,,
29,AR,Arunachal Pradesh,AR_Lower Subansiri,Lower Subansiri,108,52,56,0,0,0,0,0,0,,
30,AR,Arunachal Pradesh,AR_Namsai,Namsai,212,16,195,1,0,0,0,0,0,,
31,AR,Arunachal Pradesh,AR_Pakke Kessang,Pakke Kessang,29,1,28,0,0,0,0,0,0,,
32,AR,Arunachal Pradesh,AR_Papum Pare,Papum Pare,2253,615,1634,4,0,0,0,0,0,,
33,AR,Arunachal Pradesh,AR_Shi Yomi,Shi Yomi,21,4,17,0,0,0,0,0,0,,
34,AR,Arunachal Pradesh,AR_Siang,Siang,43,1,42,0,0,0,0,0,0,,
35,AR,Arunachal Pradesh,AR_Tawang,Tawang,222,63,158,1,0,0,0,0,0,,
36,AR,Arunachal Pradesh,AR_Tirap,Tirap,222,54,168,0,0,0,0,0,0,,
37,AR,Arunachal Pradesh,AR_Upper Dibang Valley,Upper Dibang Valley,4,3,1,0,0,0,0,0,0,,
38,AR,Arunachal Pradesh,AR_Upper Siang,Upper Siang,102,37,65,0,0,0,0,0,0,,
39,AR,Arunachal Pradesh,AR_Upper Subansiri,Upper Subansiri,167,29,138,0,0,0,0,0,0,,
40,AR,Arunachal Pradesh,AR_West Kameng,West Kameng,424,84,337,3,0,0,0,0,0,,
41,AR,Arunachal Pradesh,AR_West Siang,West Siang,317,218,99,0,0,0,0,0,0,,
0,AS,Assam,AS_Airport Quarantine,Airport Quarantine,13,0,13,0,0,0,0,0,0,,
42,AS,Assam,AS_Baksa,Baksa,687,235,447,5,0,0,0,0,0,,
43,AS,Assam,AS_Barpeta,Barpeta,1121,93,1024,4,0,0,0,0,0,,
44,AS,Assam,AS_Biswanath,Biswanath,467,88,379,0,0,0,0,0,0,,
45,AS,Assam,AS_Bongaigaon,Bongaigaon,1303,466,834,3,0,0,0,0,0,,
46,AS,Assam,AS_Cachar,Cachar,6111,4585,1498,28,0,0,0,0,0,,
47,AS,Assam,AS_Charaideo,Charaideo,113,5,105,3,0,0,0,0,0,,
48,AS,Assam,AS_Chirang,Chirang,280,59,219,2,0,0,0,0,0,,
49,AS,Assam,AS_Darrang,Darrang,1967,225,1730,12,0,0,0,0,0,,
50,AS,Assam,AS_Dhemaji,Dhemaji,765,323,440,2,0,0,0,0,0,,
51,AS,Assam,AS_Dhubri,Dhubri,1723,504,1215,4,0,0,0,0,0,,
52,AS,Assam,AS_Dibrugarh,Dibrugarh,8268,5806,2409,53,0,183,183,0,0,,
53,AS,Assam,AS_Dima Hasao,Dima Hasao,237,38,199,0,0,0,0,0,0,,
54,AS,Assam,AS_Goalpara,Goalpara,658,38,568,1,0,0,0,0,0,,
55,AS,Assam,AS_Golaghat,Golaghat,2738,1072,1656,10,0,118,118,0,0,,
56,AS,Assam,AS_Hailakandi,Hailakandi,1632,509,1116,7,0,0,0,0,0,,
57,AS,Assam,AS_Hojai,Hojai,1646,478,1160,8,0,0,0,0,0,,
58,AS,Assam,AS_Jorhat,Jorhat,6063,4294,1752,17,0,175,175,0,0,,
59,AS,Assam,AS_Kamrup,Kamrup,4590,2496,2074,20,0,0,0,0,0,,
60,AS,Assam,AS_Kamrup Metropolitan,Kamrup Metropolitan,37655,22980,14599,76,0,538,538,0,0,,
61,AS,Assam,AS_Karbi Anglong,Karbi Anglong,632,72,552,8,0,0,0,0,0,,
62,AS,Assam,AS_Karimganj,Karimganj,1200,222,955,23,0,0,0,0,0,,
63,AS,Assam,AS_Kokrajhar,Kokrajhar,408,47,353,8,0,0,0,0,0,,
64,AS,Assam,AS_Lakhimpur,Lakhimpur,2329,1192,1135,2,0,182,182,0,0,,
65,AS,Assam,AS_Majuli,Majuli,165,84,80,1,0,0,0,0,0,,
66,AS,Assam,AS_Morigaon,Morigaon,638,79,557,2,0,0,0,0,0,,
67,AS,Assam,AS_Nagaon,Nagaon,4515,1999,2506,10,0,0,0,0,0,,
68,AS,Assam,AS_Nalbari,Nalbari,948,111,828,9,0,0,0,0,0,,
0,AS,Assam,AS_Other State,Other State,1,0,1,0,0,0,0,0,0,,
69,AS,Assam,AS_Sivasagar,Sivasagar,529,46,473,10,0,0,0,0,0,,
70,AS,Assam,AS_Sonitpur,Sonitpur,2351,620,1727,4,0,0,0,0,0,,
71,AS,Assam,AS_South Salmara Mankachar,South Salmara Mankachar,51,4,47,0,0,0,0,0,0,,
72,AS,Assam,AS_Tinsukia,Tinsukia,3366,1545,1798,23,0,0,0,0,0,,
73,AS,Assam,AS_Udalguri,Udalguri,758,88,666,4,0,0,0,0,0,,
74,AS,Assam,AS_West Karbi Anglong,West Karbi Anglong,39,1,37,1,0,0,0,0,0,,
75,BR,Bihar,BR_Araria,Araria,4286,721,3551,14,0,29,-69,98,0,,
76,BR,Bihar,BR_Arwal,Arwal,1536,119,1410,7,0,11,-10,21,0,,
77,BR,Bihar,BR_Aurangabad,Aurangabad,3315,339,2968,8,0,49,-9,58,0,,
78,BR,Bihar,BR_Banka,Banka,2001,212,1781,8,0,19,-14,33,0,,
79,BR,Bihar,BR_Begusarai,Begusarai,5867,214,5630,23,0,20,-43,63,0,,
80,BR,Bihar,BR_Bhagalpur,Bhagalpur,6628,601,5974,53,0,51,-23,74,0,,
81,BR,Bihar,BR_Bhojpur,Bhojpur,3876,163,3684,29,0,21,-7,28,0,,
82,BR,Bihar,BR_Buxar,Buxar,3203,177,3016,10,0,4,-16,20,0,,
83,BR,Bihar,BR_Darbhanga,Darbhanga,2800,360,2420,20,0,20,-8,28,0,,
101,BR,Bihar,BR_East Champaran,East Champaran,5834,491,5310,33,0,42,-29,71,0,,
84,BR,Bihar,BR_Gaya,Gaya,5167,340,4783,44,0,35,-25,60,0,,
85,BR,Bihar,BR_Gopalganj,Gopalganj,3491,520,2969,2,0,23,1,22,0,,
86,BR,Bihar,BR_Jamui,Jamui,1860,163,1691,6,0,10,-12,22,0,,
87,BR,Bihar,BR_Jehanabad,Jehanabad,2670,205,2457,8,0,5,-17,22,0,,
88,BR,Bihar,BR_Kaimur,Kaimur,1464,120,1335,9,0,6,0,6,0,,
89,BR,Bihar,BR_Katihar,Katihar,5169,366,4792,11,0,3,-49,52,0,,
90,BR,Bihar,BR_Khagaria,Khagaria,2517,151,2357,9,0,9,-9,18,0,,
91,BR,Bihar,BR_Kishanganj,Kishanganj,2612,289,2313,10,0,24,0,21,3,,
92,BR,Bihar,BR_Lakhisarai,Lakhisarai,2262,338,1918,6,0,53,1,52,0,,
93,BR,Bihar,BR_Madhepura,Madhepura,2632,315,2308,9,0,21,-30,51,0,,
94,BR,Bihar,BR_Madhubani,Madhubani,5412,412,4984,16,0,40,-49,89,0,,
95,BR,Bihar,BR_Munger,Munger,2619,172,2411,36,0,17,7,10,0,,
96,BR,Bihar,BR_Muzaffarpur,Muzaffarpur,7122,655,6436,31,0,79,-46,123,2,,
97,BR,Bihar,BR_Nalanda,Nalanda,5140,380,4722,38,0,52,-4,55,1,,
98,BR,Bihar,BR_Nawada,Nawada,2448,229,2203,16,0,5,-11,16,0,,
100,BR,Bihar,BR_Patna,Patna,24190,1764,22238,188,0,197,-40,237,0,,
102,BR,Bihar,BR_Purnia,Purnia,5086,621,4457,8,0,32,-49,79,2,,
103,BR,Bihar,BR_Rohtas,Rohtas,4852,290,4529,33,0,10,-16,26,0,,
104,BR,Bihar,BR_Saharsa,Saharsa,4115,492,3616,7,0,61,-62,123,0,,
105,BR,Bihar,BR_Samastipur,Samastipur,3843,306,3511,26,0,27,-3,30,0,,
106,BR,Bihar,BR_Saran,Saran,4952,417,4508,27,0,15,-55,69,1,,
107,BR,Bihar,BR_Sheikhpura,Sheikhpura,1987,146,1836,5,0,9,-16,25,0,,
108,BR,Bihar,BR_Sheohar,Sheohar,944,100,843,1,0,15,8,7,0,,
109,BR,Bihar,BR_Sitamarhi,Sitamarhi,3109,183,2916,10,0,14,-77,91,0,,
110,BR,Bihar,BR_Siwan,Siwan,3324,245,3060,19,0,18,-12,30,0,,
111,BR,Bihar,BR_Supaul,Supaul,3170,411,2751,8,0,66,4,62,0,,
112,BR,Bihar,BR_Vaishali,Vaishali,3808,226,3554,27,1,9,-17,26,0,,
99,BR,Bihar,BR_West Champaran,West Champaran,4215,422,3777,16,0,16,-32,48,0,,
113,CH,Chandigarh,CH_Chandigarh,Chandigarh,8245,2847,5300,95,3,254,119,130,5,,
0,CT,Chhattisgarh,CT_Other State,Other State,133,72,49,12,0,0,0,0,0,,
114,CT,Chhattisgarh,CT_Balod,Balod,1052,547,504,1,0,0,0,0,0,,
115,CT,Chhattisgarh,CT_Baloda Bazar,Baloda Bazar,1586,572,1002,12,0,0,0,0,0,,
116,CT,Chhattisgarh,CT_Balrampur,Balrampur,579,234,344,1,0,0,0,0,0,,
117,CT,Chhattisgarh,CT_Bametara,Bametara,726,253,468,5,0,0,0,0,0,,
118,CT,Chhattisgarh,CT_Bastar,Bastar,1464,596,863,5,0,0,0,0,0,,
119,CT,Chhattisgarh,CT_Bijapur,Bijapur,896,369,521,6,0,0,0,0,0,,
120,CT,Chhattisgarh,CT_Bilaspur,Bilaspur,4452,2848,1545,59,0,0,0,0,0,,
121,CT,Chhattisgarh,CT_Dakshin Bastar Dantewada,Dakshin Bastar Dantewada,765,415,347,3,0,0,0,0,0,,
122,CT,Chhattisgarh,CT_Dhamtari,Dhamtari,939,532,405,2,0,0,0,0,0,,
123,CT,Chhattisgarh,CT_Durg,Durg,6164,3256,2853,55,0,0,0,0,0,,
124,CT,Chhattisgarh,CT_Gariaband,Gariaband,743,278,459,6,0,0,0,0,0,,
125,CT,Chhattisgarh,CT_Janjgir Champa,Janjgir Champa,2344,1130,1199,15,0,0,0,0,0,,
126,CT,Chhattisgarh,CT_Jashpur,Jashpur,707,225,480,2,0,0,0,0,0,,
127,CT,Chhattisgarh,CT_Kabeerdham,Kabeerdham,991,603,384,4,0,0,0,0,0,,
128,CT,Chhattisgarh,CT_Kondagaon,Kondagaon,672,307,364,1,0,0,0,0,0,,
129,CT,Chhattisgarh,CT_Korba,Korba,1456,500,951,5,0,0,0,0,0,,
130,CT,Chhattisgarh,CT_Koriya,Koriya,870,462,401,7,0,0,0,0,0,,
131,CT,Chhattisgarh,CT_Mahasamund,Mahasamund,1317,779,523,15,0,0,0,0,0,,
132,CT,Chhattisgarh,CT_Mungeli,Mungeli,731,415,316,0,0,0,0,0,0,,
133,CT,Chhattisgarh,CT_Narayanpur,Narayanpur,764,139,625,0,0,0,0,0,0,,
134,CT,Chhattisgarh,CT_Raigarh,Raigarh,3537,1583,1928,26,0,0,0,0,0,,
135,CT,Chhattisgarh,CT_Raipur,Raipur,21850,11002,10587,261,0,0,0,0,0,,
136,CT,Chhattisgarh,CT_Rajnandgaon,Rajnandgaon,5025,2570,2423,32,0,0,0,0,0,,
137,CT,Chhattisgarh,CT_Sukma,Sukma,918,346,570,2,0,0,0,0,0,,
138,CT,Chhattisgarh,CT_Surajpur,Surajpur,804,433,367,4,0,0,0,0,0,,
139,CT,Chhattisgarh,CT_Surguja,Surguja,1280,478,794,8,0,0,0,0,0,,
140,CT,Chhattisgarh,CT_Uttar Bastar Kanker,Uttar Bastar Kanker,1068,439,623,6,0,0,0,0,0,,
766,CT,Chhattisgarh,CT_Gaurela Pendra Marwahi,Gaurela Pendra Marwahi,158,122,36,0,0,0,0,0,0,,
144,DL,Delhi,DL_Central Delhi,Central Delhi,184,184,0,0,0,0,0,0,0,District-wise numbers are out-dated as cumulative counts for each district are not reported in bulletin,
145,DL,Delhi,DL_East Delhi,East Delhi,38,38,0,0,0,0,0,0,0,District-wise numbers are out-dated as cumulative counts for each district are not reported in bulletin,
146,DL,Delhi,DL_New Delhi,New Delhi,37,37,0,0,0,0,0,0,0,District-wise numbers are out-dated as cumulative counts for each district are not reported in bulletin,
147,DL,Delhi,DL_North Delhi,North Delhi,60,60,0,0,0,0,0,0,0,District-wise numbers are out-dated as cumulative counts for each district are not reported in bulletin,
148,DL,Delhi,DL_North East Delhi,North East Delhi,25,25,0,0,0,0,0,0,0,District-wise numbers are out-dated as cumulative counts for each district are not reported in bulletin,
149,DL,Delhi,DL_North West Delhi,North West Delhi,32,31,0,1,0,0,0,0,0,District-wise numbers are out-dated as cumulative counts for each district are not reported in bulletin,
150,DL,Delhi,DL_Shahdara,Shahdara,48,48,0,0,0,0,0,0,0,District-wise numbers are out-dated as cumulative counts for each district are not reported in bulletin,
151,DL,Delhi,DL_South Delhi,South Delhi,70,70,0,0,0,0,0,0,0,District-wise numbers are out-dated as cumulative counts for each district are not reported in bulletin,
152,DL,Delhi,DL_South East Delhi,South East Delhi,130,130,0,0,0,0,0,0,0,District-wise numbers are out-dated as cumulative counts for each district are not reported in bulletin,
153,DL,Delhi,DL_South West Delhi,South West Delhi,42,42,0,0,0,0,0,0,0,District-wise numbers are out-dated as cumulative counts for each district are not reported in bulletin,
154,DL,Delhi,DL_West Delhi,West Delhi,122,122,0,0,0,0,0,0,0,District-wise numbers are out-dated as cumulative counts for each district are not reported in bulletin,
0,DN,Dadra and Nagar Haveli and Daman and Diu,DN_Other State,Other State,0,0,0,0,0,0,0,0,0,,
141,DN,Dadra and Nagar Haveli and Daman and Diu,DN_Dadra and Nagar Haveli,Dadra and Nagar Haveli,1336,149,1181,1,5,13,-1,14,0,,
142,DN,Dadra and Nagar Haveli and Daman and Diu,DN_Daman,Daman,1147,58,1075,1,13,9,4,5,0,,
143,DN,Dadra and Nagar Haveli and Daman and Diu,DN_Diu,Diu,260,26,223,0,11,0,0,0,0,,
0,GA,Goa,GA_Other State,Other State,200,9,190,1,0,0,0,0,0,District-wise numbers are out-dated as cumulative counts for each district are not reported in bulletin,
155,GA,Goa,GA_North Goa,North Goa,2668,1639,964,65,0,0,0,0,0,District-wise numbers are out-dated as cumulative counts for each district are not reported in bulletin,
156,GA,Goa,GA_South Goa,South Goa,3511,1978,1407,126,0,0,0,0,0,District-wise numbers are out-dated as cumulative counts for each district are not reported in bulletin,
0,GJ,Gujarat,GJ_Other State,Other State,162,32,127,3,0,0,0,0,0,,
157,GJ,Gujarat,GJ_Ahmedabad,Ahmedabad,33900,4224,27915,1761,0,175,-21,193,3,,
158,GJ,Gujarat,GJ_Amreli,Amreli,1664,362,1279,23,0,28,-6,34,0,,
159,GJ,Gujarat,GJ_Anand,Anand,935,74,845,16,0,3,-23,26,0,,
160,GJ,Gujarat,GJ_Aravalli,Aravalli,499,111,364,24,0,7,2,5,0,,
161,GJ,Gujarat,GJ_Banaskantha,Banaskantha,1421,-24,1425,20,0,28,-13,41,0,,
162,GJ,Gujarat,GJ_Bharuch,Bharuch,1877,221,1640,16,0,19,0,18,1,,
163,GJ,Gujarat,GJ_Bhavnagar,Bhavnagar,3505,402,3051,52,0,33,-13,44,2,,
164,GJ,Gujarat,GJ_Botad,Botad,617,141,471,5,0,8,8,0,0,,
165,GJ,Gujarat,GJ_Chhota Udaipur,Chhota Udaipur,415,86,327,2,0,5,0,5,0,,
167,GJ,Gujarat,GJ_Dahod,Dahod,1449,343,1100,6,0,23,23,0,0,,
187,GJ,Gujarat,GJ_Dang,Dang,79,19,60,0,0,1,-7,8,0,,
166,GJ,Gujarat,GJ_Devbhumi Dwarka,Devbhumi Dwarka,424,24,396,4,0,5,-12,17,0,,
168,GJ,Gujarat,GJ_Gandhinagar,Gandhinagar,2967,487,2414,66,0,39,15,21,3,,
169,GJ,Gujarat,GJ_Gir Somnath,Gir Somnath,1179,180,983,16,0,15,9,6,0,,
170,GJ,Gujarat,GJ_Jamnagar,Jamnagar,4288,320,3937,31,0,120,-11,129,2,,
171,GJ,Gujarat,GJ_Junagadh,Junagadh,2230,298,1903,29,0,39,6,33,0,,
173,GJ,Gujarat,GJ_Kheda,Kheda,1104,70,1018,16,0,6,-2,8,0,,
172,GJ,Gujarat,GJ_Kutch,Kutch,1633,418,1184,31,0,30,11,19,0,,
175,GJ,Gujarat,GJ_Mahisagar,Mahisagar,747,118,626,3,0,10,10,0,0,,
174,GJ,Gujarat,GJ_Mehsana,Mehsana,1958,607,1322,29,0,20,-1,21,0,,
176,GJ,Gujarat,GJ_Morbi,Morbi,1275,282,978,15,0,25,1,24,0,,
177,GJ,Gujarat,GJ_Narmada,Narmada,779,104,675,0,0,6,0,6,0,,
178,GJ,Gujarat,GJ_Navsari,Navsari,1052,135,911,6,0,14,14,0,0,,
179,GJ,Gujarat,GJ_Panchmahal,Panchmahal,1882,362,1503,17,0,28,-10,38,0,,
180,GJ,Gujarat,GJ_Patan,Patan,1347,141,1167,39,0,35,11,24,0,,
181,GJ,Gujarat,GJ_Porbandar,Porbandar,377,17,356,4,0,2,2,0,0,,
182,GJ,Gujarat,GJ_Rajkot,Rajkot,6848,2179,4554,115,0,151,71,78,2,,
183,GJ,Gujarat,GJ_Sabarkantha,Sabarkantha,876,192,674,10,0,11,-8,19,0,,
184,GJ,Gujarat,GJ_Surat,Surat,24544,2590,21259,695,0,278,10,265,3,,
185,GJ,Gujarat,GJ_Surendranagar,Surendranagar,1448,290,1147,11,0,19,-36,55,0,,
186,GJ,Gujarat,GJ_Tapi,Tapi,480,34,442,4,0,18,16,2,0,,
188,GJ,Gujarat,GJ_Vadodara,Vadodara,9949,1495,8305,149,0,131,24,106,1,,
189,GJ,Gujarat,GJ_Valsad,Valsad,1084,74,1000,10,0,2,-8,10,0,,
212,HP,Himachal Pradesh,HP_Bilaspur,Bilaspur,527,206,320,1,0,12,12,0,0,,
213,HP,Himachal Pradesh,HP_Chamba,Chamba,639,155,475,5,4,7,-28,35,0,One death of COVID-19 positive patient has occured due to non-covid reasons,
214,HP,Himachal Pradesh,HP_Hamirpur,Hamirpur,738,173,560,5,0,4,4,0,0,,
215,HP,Himachal Pradesh,HP_Kangra,Kangra,1531,614,902,15,0,51,39,12,0,Death of Tibetan refugee on March 22 included in Kangra district's tally,
216,HP,Himachal Pradesh,HP_Kinnaur,Kinnaur,121,44,77,0,0,0,0,0,0,,
217,HP,Himachal Pradesh,HP_Kullu,Kullu,388,122,265,1,0,5,5,0,0,,
218,HP,Himachal Pradesh,HP_Lahaul and Spiti,Lahaul and Spiti,29,21,8,0,0,10,10,0,0,,
219,HP,Himachal Pradesh,HP_Mandi,Mandi,909,514,387,8,0,101,100,1,0,,
220,HP,Himachal Pradesh,HP_Shimla,Shimla,632,281,332,12,7,28,20,7,1,One death of COVID-19 positive patient has occured due to non-covid reasons,
221,HP,Himachal Pradesh,HP_Sirmaur,Sirmaur,1259,299,954,6,0,10,1,8,1,,
222,HP,Himachal Pradesh,HP_Solan,Solan,2275,847,1408,17,3,106,101,5,0,,
223,HP,Himachal Pradesh,HP_Una,Una,871,384,479,8,0,30,30,0,0,,
0,HR,Haryana,HR_Foreign Evacuees,Foreign Evacuees,0,0,0,0,0,0,0,0,0,,
190,HR,Haryana,HR_Ambala,Ambala,6008,1181,4767,60,0,185,-48,233,0,,
191,HR,Haryana,HR_Bhiwani,Bhiwani,2072,352,1699,21,0,69,-3,72,0,,
192,HR,Haryana,HR_Charkhi Dadri,Charkhi Dadri,411,143,267,1,0,35,35,0,0,,
193,HR,Haryana,HR_Faridabad,Faridabad,16139,1758,14188,193,0,279,24,253,2,,
194,HR,Haryana,HR_Fatehabad,Fatehabad,1575,584,970,21,0,65,40,25,0,,
195,HR,Haryana,HR_Gurugram,Gurugram,15599,2316,13134,149,0,336,85,249,2,,
196,HR,Haryana,HR_Hisar,Hisar,3875,1041,2803,31,0,139,66,72,1,,
0,HR,Haryana,HR_Italians,Italians,0,0,0,0,0,0,0,0,0,,
197,HR,Haryana,HR_Jhajjar,Jhajjar,1917,448,1450,19,0,44,-8,52,0,,
198,HR,Haryana,HR_Jind,Jind,1365,662,691,12,0,62,62,0,0,,
199,HR,Haryana,HR_Kaithal,Kaithal,1831,466,1340,25,0,65,-36,97,4,,
200,HR,Haryana,HR_Karnal,Karnal,5639,2019,3547,73,0,179,73,102,4,,
201,HR,Haryana,HR_Kurukshetra,Kurukshetra,3764,1493,2208,63,0,164,-11,174,1,,
202,HR,Haryana,HR_Mahendragarh,Mahendragarh,2563,538,2022,3,0,48,-13,61,0,,
203,HR,Haryana,HR_Nuh,Nuh,973,140,815,18,0,9,-2,9,2,,
204,HR,Haryana,HR_Palwal,Palwal,1983,196,1773,14,0,50,25,25,0,,
205,HR,Haryana,HR_Panchkula,Panchkula,4205,1219,2939,47,0,95,-112,201,6,,
206,HR,Haryana,HR_Panipat,Panipat,5870,1797,4014,59,0,129,-5,134,0,,
207,HR,Haryana,HR_Rewari,Rewari,4581,551,4004,26,0,71,-24,95,0,,
208,HR,Haryana,HR_Rohtak,Rohtak,4253,1049,3158,46,0,133,102,31,0,,
209,HR,Haryana,HR_Sirsa,Sirsa,2415,850,1530,35,0,57,12,43,2,,
210,HR,Haryana,HR_Sonipat,Sonipat,6202,986,5174,42,0,205,73,131,1,,
211,HR,Haryana,HR_Yamunanagar,Yamunanagar,2889,628,2219,42,0,69,3,66,0,,
246,JH,Jharkhand,JH_Bokaro,Bokaro,3057,447,2591,19,0,0,0,0,0,,
247,JH,Jharkhand,JH_Chatra,Chatra,1007,250,752,5,0,0,0,0,0,,
248,JH,Jharkhand,JH_Deoghar,Deoghar,1746,209,1523,14,0,0,0,0,0,,
249,JH,Jharkhand,JH_Dhanbad,Dhanbad,4006,902,3059,45,0,0,0,0,0,,
250,JH,Jharkhand,JH_Dumka,Dumka,815,204,605,6,0,0,0,0,0,,
264,JH,Jharkhand,JH_East Singhbhum,East Singhbhum,10660,3065,7351,244,0,0,0,0,0,,
251,JH,Jharkhand,JH_Garhwa,Garhwa,1509,133,1369,7,0,0,0,0,0,,
252,JH,Jharkhand,JH_Giridih,Giridih,2621,358,2254,9,0,0,0,0,0,,
253,JH,Jharkhand,JH_Godda,Godda,1013,98,909,6,0,0,0,0,0,,
254,JH,Jharkhand,JH_Gumla,Gumla,1256,431,823,2,0,0,0,0,0,,
255,JH,Jharkhand,JH_Hazaribagh,Hazaribagh,2607,746,1840,21,0,0,0,0,0,,
256,JH,Jharkhand,JH_Jamtara,Jamtara,552,46,505,1,0,0,0,0,0,,
257,JH,Jharkhand,JH_Khunti,Khunti,1106,268,835,3,0,0,0,0,0,,
258,JH,Jharkhand,JH_Koderma,Koderma,2152,608,1527,17,0,0,0,0,0,,
259,JH,Jharkhand,JH_Latehar,Latehar,1212,227,984,1,0,0,0,0,0,,
260,JH,Jharkhand,JH_Lohardaga,Lohardaga,791,124,662,5,0,0,0,0,0,,
261,JH,Jharkhand,JH_Pakur,Pakur,584,76,507,1,0,0,0,0,0,,
262,JH,Jharkhand,JH_Palamu,Palamu,2040,133,1900,7,0,0,0,0,0,,
265,JH,Jharkhand,JH_Ramgarh,Ramgarh,2785,949,1822,14,0,0,0,0,0,,
266,JH,Jharkhand,JH_Ranchi,Ranchi,13192,3466,9636,90,0,0,0,0,0,,
267,JH,Jharkhand,JH_Sahibganj,Sahibganj,1027,184,834,9,0,0,0,0,0,,
268,JH,Jharkhand,JH_Saraikela-Kharsawan,Saraikela-Kharsawan,2043,696,1340,7,0,0,0,0,0,,
269,JH,Jharkhand,JH_Simdega,Simdega,1332,326,1002,4,0,0,0,0,0,,
263,JH,Jharkhand,JH_West Singhbhum,West Singhbhum,2361,390,1953,18,0,0,0,0,0,,
224,JK,Jammu and Kashmir,JK_Anantnag,Anantnag,2919,706,2159,54,0,24,1,23,0,,
226,JK,Jammu and Kashmir,JK_Bandipora,Bandipora,2883,922,1932,29,0,45,13,31,1,,
227,JK,Jammu and Kashmir,JK_Baramulla,Baramulla,3495,967,2415,113,0,16,16,0,0,,
225,JK,Jammu and Kashmir,JK_Budgam,Budgam,3819,1392,2354,73,0,78,35,41,2,,
228,JK,Jammu and Kashmir,JK_Doda,Doda,939,488,438,13,0,113,76,33,4,,
229,JK,Jammu and Kashmir,JK_Ganderbal,Ganderbal,2146,563,1557,26,0,43,-13,55,1,,
230,JK,Jammu and Kashmir,JK_Jammu,Jammu,8744,5855,2797,92,0,392,285,103,4,,
231,JK,Jammu and Kashmir,JK_Kathua,Kathua,1360,450,898,12,0,27,15,12,0,,
232,JK,Jammu and Kashmir,JK_Kishtwar,Kishtwar,636,347,286,3,0,26,12,13,1,,
233,JK,Jammu and Kashmir,JK_Kulgam,Kulgam,2093,132,1921,40,0,2,-3,5,0,,
234,JK,Jammu and Kashmir,JK_Kupwara,Kupwara,2863,920,1886,57,0,17,-59,75,1,,
235,JK,Jammu and Kashmir,JK_Mirpur,Mirpur,0,0,0,0,0,0,0,0,0,,
236,JK,Jammu and Kashmir,JK_Muzaffarabad,Muzaffarabad,0,0,0,0,0,0,0,0,0,,
237,JK,Jammu and Kashmir,JK_Pulwama,Pulwama,3204,460,2682,62,0,40,4,34,2,,
238,JK,Jammu and Kashmir,JK_Punch,Punch,957,529,422,6,0,57,43,14,0,,
239,JK,Jammu and Kashmir,JK_Rajouri,Rajouri,1521,673,830,18,0,87,87,0,0,,
240,JK,Jammu and Kashmir,JK_Ramban,Ramban,839,185,653,1,0,14,14,0,0,,
241,JK,Jammu and Kashmir,JK_Reasi,Reasi,617,240,374,3,0,29,10,19,0,,
242,JK,Jammu and Kashmir,JK_Samba,Samba,1104,469,627,8,0,38,31,7,0,,
243,JK,Jammu and Kashmir,JK_Shopiyan,Shopiyan,1881,161,1691,29,0,8,5,3,0,,
244,JK,Jammu and Kashmir,JK_Srinagar,Srinagar,11797,1931,9614,252,0,119,-28,146,1,,
245,JK,Jammu and Kashmir,JK_Udhampur,Udhampur,1508,659,845,4,0,54,24,30,0,,
270,KA,Karnataka,KA_Bagalkote,Bagalkote,8389,1353,6948,88,0,166,17,146,3,,
271,KA,Karnataka,KA_Ballari,Ballari,27077,4722,22002,353,0,264,-17,274,7,,
272,KA,Karnataka,KA_Belagavi,Belagavi,16536,2691,13604,241,0,167,-370,533,4,,
274,KA,Karnataka,KA_Bengaluru Rural,Bengaluru Rural,6850,1786,5007,57,0,275,250,24,1,,
273,KA,Karnataka,KA_Bengaluru Urban,Bengaluru Urban,173628,40527,130627,2473,1,2966,-566,3495,37,,
275,KA,Karnataka,KA_Bidar,Bidar,5495,588,4758,145,4,51,-58,107,2,,
276,KA,Karnataka,KA_Chamarajanagara,Chamarajanagara,3076,443,2568,54,11,54,3,49,2,,
277,KA,Karnataka,KA_Chikkaballapura,Chikkaballapura,5826,1029,4723,73,1,140,43,95,2,,
278,KA,Karnataka,KA_Chikkamagaluru,Chikkamagaluru,6271,1493,4677,101,0,200,-26,223,3,,
279,KA,Karnataka,KA_Chitradurga,Chitradurga,5132,1470,3629,33,0,198,184,14,0,,
280,KA,Karnataka,KA_Dakshina Kannada,Dakshina Kannada,17776,4043,13286,445,2,413,111,297,5,,
281,KA,Karnataka,KA_Davanagere,Davanagere,13222,2574,10422,226,0,325,196,129,0,,
282,KA,Karnataka,KA_Dharwad,Dharwad,14625,2242,11952,431,0,117,-140,248,9,,
283,KA,Karnataka,KA_Gadag,Gadag,7653,1091,6453,109,0,96,-90,184,2,,
284,KA,Karnataka,KA_Hassan,Hassan,12251,2973,9042,236,0,295,-38,332,1,,
285,KA,Karnataka,KA_Haveri,Haveri,6801,1656,5016,129,0,208,21,185,2,,
286,KA,Karnataka,KA_Kalaburagi,Kalaburagi,14616,2340,12031,245,0,185,-27,209,3,,
287,KA,Karnataka,KA_Kodagu,Kodagu,1973,321,1625,27,0,32,2,29,1,,
288,KA,Karnataka,KA_Kolar,Kolar,4539,754,3710,75,0,57,-21,78,0,,
289,KA,Karnataka,KA_Koppal,Koppal,9223,1835,7196,192,0,162,18,141,3,,
290,KA,Karnataka,KA_Mandya,Mandya,8370,2112,6171,87,0,109,-72,180,1,,
291,KA,Karnataka,KA_Mysuru,Mysuru,26428,6722,19103,603,0,677,-280,945,12,,
0,KA,Karnataka,KA_Other State,Other State,36,0,33,3,0,0,0,0,0,,
292,KA,Karnataka,KA_Raichur,Raichur,9468,1528,7816,124,0,51,-87,135,3,,
293,KA,Karnataka,KA_Ramanagara,Ramanagara,4331,652,3640,39,0,113,65,47,1,,
294,KA,Karnataka,KA_Shivamogga,Shivamogga,12436,3108,9121,207,0,220,-67,282,5,,
295,KA,Karnataka,KA_Tumakuru,Tumakuru,9378,2466,6718,194,0,192,-62,248,6,,
296,KA,Karnataka,KA_Udupi,Udupi,14086,1914,12043,129,0,40,40,0,0,,
297,KA,Karnataka,KA_Uttara Kannada,Uttara Kannada,7144,2074,4987,83,0,191,90,99,2,,
298,KA,Karnataka,KA_Vijayapura,Vijayapura,7926,683,7107,136,0,176,106,68,2,,
299,KA,Karnataka,KA_Yadgir,Yadgir,7127,1273,5808,46,0,104,35,69,0,,
0,KL,Kerala,KL_Other State,Other State,0,0,0,0,0,0,0,0,0,,
300,KL,Kerala,KL_Alappuzha,Alappuzha,8030,2044,5962,18,6,107,-91,198,0,,
301,KL,Kerala,KL_Ernakulam,Ernakulam,9378,3088,6233,49,8,255,129,125,1,,
302,KL,Kerala,KL_Idukki,Idukki,2331,535,1792,3,1,58,33,25,0,,
303,KL,Kerala,KL_Kannur,Kannur,6298,2173,4087,36,2,232,97,135,0,,
304,KL,Kerala,KL_Kasaragod,Kasaragod,7249,2026,5182,38,3,56,-75,130,1,,
305,KL,Kerala,KL_Kollam,Kollam,7062,2305,4723,31,3,142,-26,165,3,,
306,KL,Kerala,KL_Kottayam,Kottayam,6316,2181,4132,3,0,122,1,121,0,,
307,KL,Kerala,KL_Kozhikode,Kozhikode,9010,2701,6261,43,5,382,258,123,1,,
308,KL,Kerala,KL_Malappuram,Malappuram,13217,3176,9997,38,6,482,218,261,3,,
309,KL,Kerala,KL_Palakkad,Palakkad,6483,1543,4927,11,2,175,79,93,3,,
310,KL,Kerala,KL_Pathanamthitta,Pathanamthitta,4802,1090,3707,3,2,16,-87,103,0,,
311,KL,Kerala,KL_Thiruvananthapuram,Thiruvananthapuram,21622,5040,16407,151,24,332,-86,415,3,,
312,KL,Kerala,KL_Thrissur,Thrissur,6934,2148,4756,26,4,161,21,140,0,,
313,KL,Kerala,KL_Wayanad,Wayanad,2087,439,1643,5,0,20,-56,76,0,,
314,LA,Ladakh,LA_Kargil,Kargil,1504,417,1063,24,0,18,13,4,1,,
315,LA,Ladakh,LA_Leh,Leh,1915,486,1412,17,0,56,21,35,0,,
316,LD,Lakshadweep,LD_Lakshadweep,Lakshadweep,0,0,0,0,0,0,0,0,0,,
369,MH,Maharashtra,MH_Ahmednagar,Ahmednagar,30113,7352,22315,446,0,1096,515,570,11,,
370,MH,Maharashtra,MH_Akola,Akola,5483,1716,3585,181,1,197,134,63,0,,
371,MH,Maharashtra,MH_Amravati,Amravati,8585,2824,5566,195,0,157,112,37,8,,
372,MH,Maharashtra,MH_Aurangabad,Aurangabad,29817,7172,21883,762,0,395,181,209,5,,
374,MH,Maharashtra,MH_Beed,Beed,7033,2201,4640,192,0,200,75,122,3,,
373,MH,Maharashtra,MH_Bhandara,Bhandara,3016,1889,1082,45,0,78,21,57,0,,
375,MH,Maharashtra,MH_Buldhana,Buldhana,5398,1803,3498,97,0,134,-44,178,0,,
376,MH,Maharashtra,MH_Chandrapur,Chandrapur,5644,2958,2625,61,0,58,1,57,0,,
377,MH,Maharashtra,MH_Dhule,Dhule,10902,1915,8704,281,2,52,-114,165,1,,
378,MH,Maharashtra,MH_Gadchiroli,Gadchiroli,1258,318,938,2,0,45,25,20,0,,
379,MH,Maharashtra,MH_Gondia,Gondia,3290,1426,1833,31,0,162,17,145,0,,
380,MH,Maharashtra,MH_Hingoli,Hingoli,2152,557,1547,48,0,90,36,53,1,,
381,MH,Maharashtra,MH_Jalgaon,Jalgaon,38096,10239,26822,1035,0,975,318,645,12,,
382,MH,Maharashtra,MH_Jalna,Jalna,6007,1800,4037,170,0,49,-62,111,0,,
383,MH,Maharashtra,MH_Kolhapur,Kolhapur,33214,9239,23007,968,0,399,-229,592,36,,
384,MH,Maharashtra,MH_Latur,Latur,12731,4437,7936,358,0,254,6,240,8,,
385,MH,Maharashtra,MH_Mumbai,Mumbai,172010,31123,132347,8181,359,2269,809,1429,31,"[Sep 9]After reconciling COVID-19 cases in Mumbai, owing to the removal of duplicates and change of addresses as per the original residence, 239 cases have been removed from the progressive figures.",
386,MH,Maharashtra,MH_Mumbai Suburban,Mumbai Suburban,0,0,0,0,0,0,0,0,0,,
387,MH,Maharashtra,MH_Nagpur,Nagpur,52053,20826,29865,1358,4,1168,-696,1862,2,District administration provides number of persons tested instead of the number of samples tested.,
388,MH,Maharashtra,MH_Nanded,Nanded,11530,5715,5507,308,0,145,-72,214,3,Number of active cases differs in the state bulletin and district bulletin. We follow the state bulletin.,
389,MH,Maharashtra,MH_Nandurbar,Nandurbar,4037,1107,2830,100,0,45,-113,157,1,,
390,MH,Maharashtra,MH_Nashik,Nashik,55594,12437,42096,1061,0,962,-423,1382,3,Number of active cases differs in the state bulletin and district bulletin. We follow the state bulletin.,
391,MH,Maharashtra,MH_Osmanabad,Osmanabad,9026,2636,6152,238,0,327,196,128,3,,
0,MH,Maharashtra,MH_Other State,Other State,1103,573,428,102,0,16,14,0,2,,
392,MH,Maharashtra,MH_Palghar,Palghar,31187,5525,24943,719,0,261,-81,340,2,,
393,MH,Maharashtra,MH_Parbhani,Parbhani,4216,1346,2742,128,0,98,-45,141,2,,
394,MH,Maharashtra,MH_Pune,Pune,235419,78284,152297,4838,0,2579,660,1894,25,Number of active cases differs in the state bulletin and district bulletin. We follow the state bulletin.,
395,MH,Maharashtra,MH_Raigad,Raigad,42113,10288,30894,929,2,758,-768,1519,7,Number of active cases differs in the state bulletin and district bulletin. We follow the state bulletin.,
396,MH,Maharashtra,MH_Ratnagiri,Ratnagiri,6387,2786,3418,183,0,150,97,52,1,,
397,MH,Maharashtra,MH_Sangli,Sangli,25659,10180,14708,771,0,595,-181,745,31,,
398,MH,Maharashtra,MH_Satara,Satara,24863,8641,15620,600,2,542,-249,787,4,,
399,MH,Maharashtra,MH_Sindhudurg,Sindhudurg,2475,1128,1307,40,0,86,-11,97,0,,
400,MH,Maharashtra,MH_Solapur,Solapur,27707,7200,19536,970,1,518,84,419,15,,
401,MH,Maharashtra,MH_Thane,Thane,158908,30276,124330,4301,1,1992,745,1108,139,,
402,MH,Maharashtra,MH_Wardha,Wardha,2277,759,1491,26,1,45,-86,130,1,,
403,MH,Maharashtra,MH_Washim,Washim,2854,744,2057,52,1,97,8,89,0,,
404,MH,Maharashtra,MH_Yavatmal,Yavatmal,5217,1836,3264,117,0,72,34,32,6,,
421,ML,Meghalaya,ML_East Garo Hills,East Garo Hills,104,17,87,0,0,0,0,0,0,,
422,ML,Meghalaya,ML_East Jaintia Hills,East Jaintia Hills,183,148,35,0,0,0,0,0,0,,
423,ML,Meghalaya,ML_East Khasi Hills,East Khasi Hills,2333,1047,1265,21,0,0,0,0,0,,
424,ML,Meghalaya,ML_North Garo Hills,North Garo Hills,31,12,19,0,0,0,0,0,0,,
425,ML,Meghalaya,ML_Ribhoi,Ribhoi,325,137,185,3,0,0,0,0,0,,
426,ML,Meghalaya,ML_South Garo Hills,South Garo Hills,37,20,17,0,0,0,0,0,0,,
427,ML,Meghalaya,ML_South West Garo Hills,South West Garo Hills,23,9,14,0,0,0,0,0,0,,
428,ML,Meghalaya,ML_South West Khasi Hills,South West Khasi Hills,6,5,1,0,0,0,0,0,0,,
429,ML,Meghalaya,ML_West Garo Hills,West Garo Hills,577,201,375,1,0,0,0,0,0,,
430,ML,Meghalaya,ML_West Jaintia Hills,West Jaintia Hills,40,13,27,0,0,0,0,0,0,,
431,ML,Meghalaya,ML_West Khasi Hills,West Khasi Hills,65,14,50,1,0,0,0,0,0,,
0,MN,Manipur,MN_CAPF Personnel,CAPF Personnel,1270,-19,1288,1,0,0,0,0,0,,
405,MN,Manipur,MN_Bishnupur,Bishnupur,298,238,58,2,0,0,0,0,0,,
406,MN,Manipur,MN_Chandel,Chandel,113,105,4,4,0,0,0,0,0,,
407,MN,Manipur,MN_Churachandpur,Churachandpur,463,402,58,3,0,0,0,0,0,,
408,MN,Manipur,MN_Imphal East,Imphal East,800,773,16,11,0,0,0,0,0,,
409,MN,Manipur,MN_Imphal West,Imphal West,1988,1928,52,8,0,0,0,0,0,,
410,MN,Manipur,MN_Jiribam,Jiribam,147,145,2,0,0,0,0,0,0,,
411,MN,Manipur,MN_Kakching,Kakching,224,197,27,0,0,0,0,0,0,,
412,MN,Manipur,MN_Kamjong,Kamjong,159,142,17,0,0,0,0,0,0,,
413,MN,Manipur,MN_Kangpokpi,Kangpokpi,347,326,19,2,0,0,0,0,0,,
414,MN,Manipur,MN_Noney,Noney,71,53,18,0,0,0,0,0,0,,
415,MN,Manipur,MN_Pherzawl,Pherzawl,33,18,15,0,0,0,0,0,0,,
416,MN,Manipur,MN_Senapati,Senapati,272,251,21,0,0,0,0,0,0,,
417,MN,Manipur,MN_Tamenglong,Tamenglong,266,234,32,0,0,0,0,0,0,,
418,MN,Manipur,MN_Tengnoupal,Tengnoupal,82,69,13,0,0,0,0,0,0,,
419,MN,Manipur,MN_Thoubal,Thoubal,823,787,23,13,0,0,0,0,0,,
420,MN,Manipur,MN_Ukhrul,Ukhrul,308,290,18,0,0,0,0,0,0,,
317,MP,Madhya Pradesh,MP_Agar Malwa,Agar Malwa,304,72,226,6,0,0,0,0,0,,
318,MP,Madhya Pradesh,MP_Alirajpur,Alirajpur,843,210,624,9,0,0,0,0,0,,
319,MP,Madhya Pradesh,MP_Anuppur,Anuppur,552,64,482,6,0,0,0,0,0,,
320,MP,Madhya Pradesh,MP_Ashoknagar,Ashoknagar,313,71,230,12,0,0,0,0,0,,
321,MP,Madhya Pradesh,MP_Balaghat,Balaghat,542,206,335,1,0,0,0,0,0,,
322,MP,Madhya Pradesh,MP_Barwani,Barwani,1442,207,1219,16,0,0,0,0,0,,
323,MP,Madhya Pradesh,MP_Betul,Betul,1112,354,734,24,0,0,0,0,0,,
324,MP,Madhya Pradesh,MP_Bhind,Bhind,706,65,636,5,0,0,0,0,0,,
325,MP,Madhya Pradesh,MP_Bhopal,Bhopal,13187,1796,11067,324,0,0,0,0,0,,
326,MP,Madhya Pradesh,MP_Burhanpur,Burhanpur,616,44,547,25,0,0,0,0,0,,
327,MP,Madhya Pradesh,MP_Chhatarpur,Chhatarpur,819,116,683,20,0,0,0,0,0,,
328,MP,Madhya Pradesh,MP_Chhindwara,Chhindwara,716,214,487,15,0,0,0,0,0,,
329,MP,Madhya Pradesh,MP_Damoh,Damoh,1078,391,667,20,0,0,0,0,0,,
330,MP,Madhya Pradesh,MP_Datia,Datia,965,163,792,10,0,0,0,0,0,,
331,MP,Madhya Pradesh,MP_Dewas,Dewas,950,157,776,17,0,0,0,0,0,,
332,MP,Madhya Pradesh,MP_Dhar,Dhar,1407,444,943,20,0,0,0,0,0,,
333,MP,Madhya Pradesh,MP_Dindori,Dindori,259,83,176,0,0,0,0,0,0,,
335,MP,Madhya Pradesh,MP_Guna,Guna,460,105,343,12,0,0,0,0,0,,
336,MP,Madhya Pradesh,MP_Gwalior,Gwalior,7640,2085,5472,83,0,0,0,0,0,,
337,MP,Madhya Pradesh,MP_Harda,Harda,613,113,486,14,0,0,0,0,0,,
338,MP,Madhya Pradesh,MP_Hoshangabad,Hoshangabad,897,332,542,23,0,0,0,0,0,,
339,MP,Madhya Pradesh,MP_Indore,Indore,16782,5011,11313,458,0,0,0,0,0,,
340,MP,Madhya Pradesh,MP_Jabalpur,Jabalpur,6214,1193,4911,110,0,0,0,0,0,,
341,MP,Madhya Pradesh,MP_Jhabua,Jhabua,983,198,776,9,0,0,0,0,0,,
342,MP,Madhya Pradesh,MP_Katni,Katni,634,107,516,11,0,0,0,0,0,,
334,MP,Madhya Pradesh,MP_Khandwa,Khandwa,1182,223,933,26,0,0,0,0,0,,
368,MP,Madhya Pradesh,MP_Khargone,Khargone,2352,545,1774,33,0,0,0,0,0,,
343,MP,Madhya Pradesh,MP_Mandla,Mandla,378,97,276,5,0,0,0,0,0,,
344,MP,Madhya Pradesh,MP_Mandsaur,Mandsaur,1146,217,915,14,0,0,0,0,0,,
345,MP,Madhya Pradesh,MP_Morena,Morena,2263,130,2116,17,0,0,0,0,0,,
346,MP,Madhya Pradesh,MP_Narsinghpur,Narsinghpur,1110,545,558,7,0,0,0,0,0,,
347,MP,Madhya Pradesh,MP_Neemuch,Neemuch,1518,343,1152,23,0,0,0,0,0,,
348,MP,Madhya Pradesh,MP_Niwari,Niwari,254,59,194,1,0,0,0,0,0,,
0,MP,Madhya Pradesh,MP_Other Region,Other Region,0,0,0,0,0,0,0,0,0,,
349,MP,Madhya Pradesh,MP_Panna,Panna,364,71,292,1,0,0,0,0,0,,
350,MP,Madhya Pradesh,MP_Raisen,Raisen,973,251,703,19,0,0,0,0,0,,
351,MP,Madhya Pradesh,MP_Rajgarh,Rajgarh,1022,168,839,15,0,0,0,0,0,,
352,MP,Madhya Pradesh,MP_Ratlam,Ratlam,1500,313,1157,30,0,0,0,0,0,,
353,MP,Madhya Pradesh,MP_Rewa,Rewa,1120,352,751,17,0,0,0,0,0,,
354,MP,Madhya Pradesh,MP_Sagar,Sagar,1564,390,1102,72,0,0,0,0,0,,
355,MP,Madhya Pradesh,MP_Satna,Satna,871,173,675,23,0,0,0,0,0,,
356,MP,Madhya Pradesh,MP_Sehore,Sehore,1079,402,654,23,0,0,0,0,0,,
357,MP,Madhya Pradesh,MP_Seoni,Seoni,415,124,285,6,0,0,0,0,0,,
358,MP,Madhya Pradesh,MP_Shahdol,Shahdol,907,277,618,12,0,0,0,0,0,,
359,MP,Madhya Pradesh,MP_Shajapur,Shajapur,667,183,476,8,0,0,0,0,0,,
360,MP,Madhya Pradesh,MP_Sheopur,Sheopur,664,151,509,4,0,0,0,0,0,,
361,MP,Madhya Pradesh,MP_Shivpuri,Shivpuri,1608,497,1096,15,0,0,0,0,0,,
362,MP,Madhya Pradesh,MP_Sidhi,Sidhi,519,191,326,2,0,0,0,0,0,,
363,MP,Madhya Pradesh,MP_Singrauli,Singrauli,474,109,357,8,0,0,0,0,0,,
364,MP,Madhya Pradesh,MP_Tikamgarh,Tikamgarh,567,114,436,17,0,0,0,0,0,,
365,MP,Madhya Pradesh,MP_Ujjain,Ujjain,2230,406,1740,84,0,0,0,0,0,,
366,MP,Madhya Pradesh,MP_Umaria,Umaria,221,78,140,3,0,0,0,0,0,,
367,MP,Madhya Pradesh,MP_Vidisha,Vidisha,1245,277,941,27,0,0,0,0,0,,
432,MZ,Mizoram,MZ_Aizawl,Aizawl,944,447,497,0,0,11,11,0,0,,
433,MZ,Mizoram,MZ_Champhai,Champhai,17,2,15,0,0,0,0,0,0,,
729,MZ,Mizoram,MZ_Hnahthial,Hnahthial,2,2,0,0,0,0,0,0,0,,
730,MZ,Mizoram,MZ_Khawzawl,Khawzawl,3,0,3,0,0,0,0,0,0,,
434,MZ,Mizoram,MZ_Kolasib,Kolasib,207,104,103,0,0,1,1,0,0,,
435,MZ,Mizoram,MZ_Lawngtlai,Lawngtlai,33,4,29,0,0,0,0,0,0,,
436,MZ,Mizoram,MZ_Lunglei,Lunglei,128,10,118,0,0,0,0,0,0,,
437,MZ,Mizoram,MZ_Mamit,Mamit,33,12,21,0,0,0,0,0,0,,
438,MZ,Mizoram,MZ_Saiha,Saiha,31,4,27,0,0,0,0,0,0,,
728,MZ,Mizoram,MZ_Saitual,Saitual,11,7,4,0,0,2,2,0,0,,
439,MZ,Mizoram,MZ_Serchhip,Serchhip,19,6,13,0,0,0,0,0,0,,
0,NL,Nagaland,NL_Others,Others,46,0,46,0,0,0,0,0,0,,
440,NL,Nagaland,NL_Dimapur,Dimapur,2565,779,1767,8,11,60,56,4,0,,
441,NL,Nagaland,NL_Kiphire,Kiphire,16,2,14,0,0,0,-9,9,0,,
442,NL,Nagaland,NL_Kohima,Kohima,1604,456,1144,0,4,70,70,0,0,,
443,NL,Nagaland,NL_Longleng,Longleng,7,0,6,0,1,0,0,0,0,,
444,NL,Nagaland,NL_Mokokchung,Mokokchung,39,17,22,0,0,0,0,0,0,,
445,NL,Nagaland,NL_Mon,Mon,326,23,299,0,4,1,0,1,0,,
446,NL,Nagaland,NL_Peren,Peren,350,3,347,0,0,0,0,0,0,,
447,NL,Nagaland,NL_Phek,Phek,34,1,33,0,0,0,0,0,0,,
448,NL,Nagaland,NL_Tuensang,Tuensang,73,3,70,0,0,0,0,0,0,,
449,NL,Nagaland,NL_Wokha,Wokha,35,1,34,0,0,0,0,0,0,,
450,NL,Nagaland,NL_Zunheboto,Zunheboto,119,4,115,0,0,0,0,0,0,,
0,OR,Odisha,OR_State Pool,State Pool,1255,1255,0,0,0,218,218,0,0,,
0,OR,Odisha,OR_Others,Others,0,0,0,0,0,0,0,0,0,,
451,OR,Odisha,OR_Angul,Angul,2010,857,1149,4,0,108,17,91,0,,
452,OR,Odisha,OR_Balangir,Balangir,3066,1005,2049,12,0,197,115,80,2,,
453,OR,Odisha,OR_Balasore,Balasore,5304,1063,4221,20,0,130,-26,156,0,,
454,OR,Odisha,OR_Bargarh,Bargarh,4418,1418,2991,9,0,95,-167,262,0,,
456,OR,Odisha,OR_Bhadrak,Bhadrak,3940,648,3278,14,0,53,-114,167,0,,
455,OR,Odisha,OR_Boudh,Boudh,1112,334,778,0,0,19,-8,27,0,,
457,OR,Odisha,OR_Cuttack,Cuttack,13382,3273,10054,55,0,367,19,344,4,,
458,OR,Odisha,OR_Deogarh,Deogarh,407,144,263,0,0,34,22,12,0,,
459,OR,Odisha,OR_Dhenkanal,Dhenkanal,2619,431,2186,2,0,80,-66,146,0,,
460,OR,Odisha,OR_Gajapati,Gajapati,3166,169,2978,19,0,14,-15,29,0,,
461,OR,Odisha,OR_Ganjam,Ganjam,19255,341,18691,223,0,44,-50,94,0,,
462,OR,Odisha,OR_Jagatsinghpur,Jagatsinghpur,3093,916,2171,6,0,97,-5,102,0,,
463,OR,Odisha,OR_Jajpur,Jajpur,5890,1431,4451,8,0,156,-21,177,0,,
464,OR,Odisha,OR_Jharsuguda,Jharsuguda,2603,726,1876,1,0,95,27,68,0,,
465,OR,Odisha,OR_Kalahandi,Kalahandi,2070,547,1518,5,0,93,54,39,0,,
466,OR,Odisha,OR_Kandhamal,Kandhamal,2922,439,2467,16,0,78,32,45,1,,
467,OR,Odisha,OR_Kendrapara,Kendrapara,3234,1080,2150,4,0,143,79,64,0,,
468,OR,Odisha,OR_Kendujhar,Kendujhar,2928,479,2439,10,0,63,12,51,0,,
469,OR,Odisha,OR_Khordha,Khordha,26754,6481,20169,104,0,758,253,503,2,,
470,OR,Odisha,OR_Koraput,Koraput,4858,754,4097,7,0,99,35,64,0,,
471,OR,Odisha,OR_Malkangiri,Malkangiri,2810,241,2558,11,0,22,-3,25,0,,
472,OR,Odisha,OR_Mayurbhanj,Mayurbhanj,5751,1020,4717,14,0,133,-43,175,1,,
473,OR,Odisha,OR_Nabarangapur,Nabarangapur,2226,790,1432,4,0,98,28,70,0,,
474,OR,Odisha,OR_Nayagarh,Nayagarh,3840,498,3323,19,0,43,-48,90,1,,
475,OR,Odisha,OR_Nuapada,Nuapada,1611,840,771,0,0,116,76,40,0,,
476,OR,Odisha,OR_Puri,Puri,6597,1981,4588,28,0,310,198,112,0,,
477,OR,Odisha,OR_Rayagada,Rayagada,6222,580,5609,33,0,136,41,95,0,,
478,OR,Odisha,OR_Sambalpur,Sambalpur,4117,851,3250,16,0,130,36,94,0,,
479,OR,Odisha,OR_Subarnapur,Subarnapur,1817,824,989,4,0,74,-16,90,0,,
480,OR,Odisha,OR_Sundargarh,Sundargarh,5728,875,4811,42,0,195,125,70,0,,
485,PB,Punjab,PB_Amritsar,Amritsar,6755,1561,4935,259,0,284,136,142,6,,
486,PB,Punjab,PB_Barnala,Barnala,1482,413,1038,31,0,14,-6,20,0,,
487,PB,Punjab,PB_Bathinda,Bathinda,4079,1386,2619,74,0,92,-28,119,1,,
488,PB,Punjab,PB_Faridkot,Faridkot,1992,676,1284,32,0,31,-11,41,1,,
489,PB,Punjab,PB_Fatehgarh Sahib,Fatehgarh Sahib,1460,238,1166,56,0,45,28,14,3,,
490,PB,Punjab,PB_Fazilka,Fazilka,1476,413,1040,23,0,27,14,13,0,,
491,PB,Punjab,PB_Ferozepur,Ferozepur,2452,662,1716,74,0,28,14,0,14,,
492,PB,Punjab,PB_Gurdaspur,Gurdaspur,4157,1394,2672,91,0,-20,-36,11,5,,
493,PB,Punjab,PB_Hoshiarpur,Hoshiarpur,2957,1010,1855,92,0,89,82,0,7,,
494,PB,Punjab,PB_Jalandhar,Jalandhar,9943,2449,7235,259,0,261,131,125,5,,
495,PB,Punjab,PB_Kapurthala,Kapurthala,2107,599,1410,98,0,57,-34,87,4,,
496,PB,Punjab,PB_Ludhiana,Ludhiana,13806,1480,11738,588,0,307,-100,396,11,,
497,PB,Punjab,PB_Mansa,Mansa,1084,354,713,17,0,32,-37,69,0,,
498,PB,Punjab,PB_Moga,Moga,1883,508,1325,50,0,22,-51,73,0,,
499,PB,Punjab,PB_Pathankot,Pathankot,2280,748,1495,37,0,104,28,76,0,,
500,PB,Punjab,PB_Patiala,Patiala,9035,1998,6788,249,0,394,259,129,6,,
501,PB,Punjab,PB_Rupnagar,Rupnagar,1401,431,927,43,0,100,83,17,0,,
502,PB,Punjab,PB_S.A.S. Nagar,S.A.S. Nagar,6983,2725,4119,139,0,408,406,0,2,,
503,PB,Punjab,PB_Sangrur,Sangrur,2827,438,2274,115,0,61,17,43,1,,
504,PB,Punjab,PB_Shahid Bhagat Singh Nagar,Shahid Bhagat Singh Nagar,991,203,759,29,0,0,0,0,0,,
505,PB,Punjab,PB_Sri Muktsar Sahib,Sri Muktsar Sahib,1748,658,1068,22,0,65,29,35,1,,
506,PB,Punjab,PB_Tarn Taran,Tarn Taran,1202,349,808,45,0,20,-18,38,0,,
481,PY,Puducherry,PY_Karaikal,Karaikal,1369,378,970,21,0,74,53,20,1,"2 case of TN has been transferred,so has been reduced from the total count.",
482,PY,Puducherry,PY_Mahe,Mahe,106,28,78,0,0,3,-11,14,0,"1 case of KL have been transferred,so have been reduced from the total count",
483,PY,Puducherry,PY_Puducherry,Puducherry,17445,4076,13030,339,0,287,-144,423,8,"209 cases(204 of TN, 1 of AP and 4 other) have been transferred,so have been reduced from the total count.[July 18]4 cases have transferred to TN and have been reduced from recovered cases.",
484,PY,Puducherry,PY_Yanam,Yanam,1306,323,949,34,0,29,29,0,0,"2 cases of AP have been transferred,so have been reduced from the total count",
507,RJ,Rajasthan,RJ_Ajmer,Ajmer,5388,361,4940,87,0,122,-121,241,2,,
508,RJ,Rajasthan,RJ_Alwar,Alwar,9144,613,8500,31,0,129,-166,295,0,,
509,RJ,Rajasthan,RJ_Banswara,Banswara,908,191,710,7,0,38,8,30,0,,
510,RJ,Rajasthan,RJ_Baran,Baran,1029,266,750,13,0,21,-9,30,0,,
511,RJ,Rajasthan,RJ_Barmer,Barmer,2505,80,2399,26,0,10,-39,49,0,,
512,RJ,Rajasthan,RJ_Bharatpur,Bharatpur,3940,115,3752,73,0,12,0,12,0,,
513,RJ,Rajasthan,RJ_Bhilwara,Bhilwara,2630,314,2300,16,0,83,-17,100,0,,
514,RJ,Rajasthan,RJ_Bikaner,Bikaner,5313,399,4820,94,0,66,43,21,2,,
0,RJ,Rajasthan,RJ_BSF Camp,BSF Camp,85,0,85,0,0,0,0,0,0,,
515,RJ,Rajasthan,RJ_Bundi,Bundi,986,381,600,5,0,32,-8,40,0,,
516,RJ,Rajasthan,RJ_Chittorgarh,Chittorgarh,1295,186,1099,10,0,28,-16,44,0,,
517,RJ,Rajasthan,RJ_Churu,Churu,1274,166,1099,9,0,23,-31,54,0,,
518,RJ,Rajasthan,RJ_Dausa,Dausa,703,104,590,9,0,1,-9,10,0,,
519,RJ,Rajasthan,RJ_Dholpur,Dholpur,2546,167,2355,24,0,10,-2,11,1,,
520,RJ,Rajasthan,RJ_Dungarpur,Dungarpur,1319,186,1120,13,0,16,-5,21,0,,
0,RJ,Rajasthan,RJ_Evacuees,Evacuees,61,0,61,0,0,0,0,0,0,,
521,RJ,Rajasthan,RJ_Ganganagar,Ganganagar,952,223,720,9,0,23,5,18,0,,
522,RJ,Rajasthan,RJ_Hanumangarh,Hanumangarh,600,98,500,2,0,34,33,1,0,,
0,RJ,Rajasthan,RJ_Italians,Italians,2,0,2,0,0,0,0,0,0,,
523,RJ,Rajasthan,RJ_Jaipur,Jaipur,15332,5523,9508,301,0,345,134,209,2,,
524,RJ,Rajasthan,RJ_Jaisalmer,Jaisalmer,537,120,411,6,0,7,6,1,0,,
525,RJ,Rajasthan,RJ_Jalore,Jalore,1515,152,1350,13,0,22,21,1,0,,
526,RJ,Rajasthan,RJ_Jhalawar,Jhalawar,2111,280,1800,31,0,18,-6,1,23,,
527,RJ,Rajasthan,RJ_Jhunjhunu,Jhunjhunu,1276,159,1110,7,0,17,13,4,0,,
528,RJ,Rajasthan,RJ_Jodhpur,Jodhpur,15300,2137,13040,123,0,245,33,210,2,,
529,RJ,Rajasthan,RJ_Karauli,Karauli,704,117,579,8,0,8,6,1,1,,
530,RJ,Rajasthan,RJ_Kota,Kota,7666,2596,4982,88,0,146,42,103,1,,
531,RJ,Rajasthan,RJ_Nagaur,Nagaur,2893,247,2602,44,0,49,46,3,0,,
0,RJ,Rajasthan,RJ_Other State,Other State,189,26,124,39,0,0,0,0,0,,
532,RJ,Rajasthan,RJ_Pali,Pali,4635,237,4350,48,0,47,42,5,0,,
533,RJ,Rajasthan,RJ_Pratapgarh,Pratapgarh,622,152,462,8,0,3,-29,32,0,,
534,RJ,Rajasthan,RJ_Rajsamand,Rajsamand,1482,212,1252,18,0,14,12,2,0,,
535,RJ,Rajasthan,RJ_Sawai Madhopur,Sawai Madhopur,707,134,555,18,0,28,6,22,0,,
536,RJ,Rajasthan,RJ_Sikar,Sikar,3210,273,2912,25,0,44,41,2,1,,
537,RJ,Rajasthan,RJ_Sirohi,Sirohi,1551,83,1450,18,0,14,-13,27,0,,
538,RJ,Rajasthan,RJ_Tonk,Tonk,840,126,701,13,0,19,17,2,0,,
539,RJ,Rajasthan,RJ_Udaipur,Udaipur,2888,302,2550,36,0,56,35,20,1,,
540,SK,Sikkim,SK_East Sikkim,East Sikkim,1446,337,1106,3,0,0,0,0,0,,
541,SK,Sikkim,SK_North Sikkim,North Sikkim,1,0,1,0,0,0,0,0,0,,
542,SK,Sikkim,SK_South Sikkim,South Sikkim,475,402,73,0,0,0,0,0,0,,
543,SK,Sikkim,SK_West Sikkim,West Sikkim,87,72,15,0,0,0,0,0,0,,
0,TG,Telangana,TG_Foreign Evacuees,Foreign Evacuees,33,33,0,0,0,0,0,0,0,District-wise numbers are out-dated as cumulative counts for each district are not reported in Telangana bulletin,
0,TG,Telangana,TG_Other State,Other State,250,250,0,0,0,0,0,0,0,District-wise numbers are out-dated as cumulative counts for each district are not reported in Telangana bulletin,
576,TG,Telangana,TG_Adilabad,Adilabad,1303,1288,15,0,0,12,12,0,0,District-wise numbers are out-dated as cumulative counts for each district are not reported in Telangana bulletin,
577,TG,Telangana,TG_Bhadradri Kothagudem,Bhadradri Kothagudem,2805,2801,4,0,0,27,27,0,0,District-wise numbers are out-dated as cumulative counts for each district are not reported in Telangana bulletin,
578,TG,Telangana,TG_Hyderabad,Hyderabad,56059,55731,305,23,0,264,264,0,0,District-wise numbers are out-dated as cumulative counts for each district are not reported in Telangana bulletin,
579,TG,Telangana,TG_Jagtial,Jagtial,2943,2941,2,0,0,34,34,0,0,District-wise numbers are out-dated as cumulative counts for each district are not reported in Telangana bulletin,
580,TG,Telangana,TG_Jangaon,Jangaon,1793,1792,1,0,0,20,20,0,0,District-wise numbers are out-dated as cumulative counts for each district are not reported in Telangana bulletin,
581,TG,Telangana,TG_Jayashankar Bhupalapally,Jayashankar Bhupalapally,981,981,0,0,0,8,8,0,0,District-wise numbers are out-dated as cumulative counts for each district are not reported in Telangana bulletin,
582,TG,Telangana,TG_Jogulamba Gadwal,Jogulamba Gadwal,2150,2124,25,1,0,12,12,0,0,District-wise numbers are out-dated as cumulative counts for each district are not reported in Telangana bulletin,
583,TG,Telangana,TG_Kamareddy,Kamareddy,2954,2946,8,0,0,11,11,0,0,District-wise numbers are out-dated as cumulative counts for each district are not reported in Telangana bulletin,
584,TG,Telangana,TG_Karimnagar,Karimnagar,6593,6577,16,0,0,108,108,0,0,District-wise numbers are out-dated as cumulative counts for each district are not reported in Telangana bulletin,
585,TG,Telangana,TG_Khammam,Khammam,4556,4553,3,0,0,37,37,0,0,District-wise numbers are out-dated as cumulative counts for each district are not reported in Telangana bulletin,
586,TG,Telangana,TG_Komaram Bheem,Komaram Bheem,631,629,2,0,0,16,16,0,0,District-wise numbers are out-dated as cumulative counts for each district are not reported in Telangana bulletin,
587,TG,Telangana,TG_Mahabubabad,Mahabubabad,2526,2525,1,0,0,54,54,0,0,District-wise numbers are out-dated as cumulative counts for each district are not reported in Telangana bulletin,
588,TG,Telangana,TG_Mahabubnagar,Mahabubnagar,2622,2614,8,0,0,34,34,0,0,District-wise numbers are out-dated as cumulative counts for each district are not reported in Telangana bulletin,
589,TG,Telangana,TG_Mancherial,Mancherial,2683,2682,0,1,0,28,28,0,0,District-wise numbers are out-dated as cumulative counts for each district are not reported in Telangana bulletin,
590,TG,Telangana,TG_Medak,Medak,1781,1777,4,0,0,13,13,0,0,District-wise numbers are out-dated as cumulative counts for each district are not reported in Telangana bulletin,
591,TG,Telangana,TG_Medchal Malkajgiri,Medchal Malkajgiri,9041,9031,9,1,0,25,25,0,0,District-wise numbers are out-dated as cumulative counts for each district are not reported in Telangana bulletin,
592,TG,Telangana,TG_Mulugu,Mulugu,1004,1002,2,0,0,9,9,0,0,District-wise numbers are out-dated as cumulative counts for each district are not reported in Telangana bulletin,
593,TG,Telangana,TG_Nagarkurnool,Nagarkurnool,1967,1965,2,0,0,32,32,0,0,District-wise numbers are out-dated as cumulative counts for each district are not reported in Telangana bulletin,
594,TG,Telangana,TG_Nalgonda,Nalgonda,5266,5254,12,0,0,47,47,0,0,District-wise numbers are out-dated as cumulative counts for each district are not reported in Telangana bulletin,
595,TG,Telangana,TG_Narayanpet,Narayanpet,575,574,0,1,0,1,1,0,0,District-wise numbers are out-dated as cumulative counts for each district are not reported in Telangana bulletin,
596,TG,Telangana,TG_Nirmal,Nirmal,1102,1089,13,0,0,8,8,0,0,District-wise numbers are out-dated as cumulative counts for each district are not reported in Telangana bulletin,
597,TG,Telangana,TG_Nizamabad,Nizamabad,4664,4634,30,0,0,67,67,0,0,District-wise numbers are out-dated as cumulative counts for each district are not reported in Telangana bulletin,
598,TG,Telangana,TG_Peddapalli,Peddapalli,3066,3065,1,0,0,39,39,0,0,District-wise numbers are out-dated as cumulative counts for each district are not reported in Telangana bulletin,
599,TG,Telangana,TG_Rajanna Sircilla,Rajanna Sircilla,2304,2302,2,0,0,24,24,0,0,District-wise numbers are out-dated as cumulative counts for each district are not reported in Telangana bulletin,
600,TG,Telangana,TG_Ranga Reddy,Ranga Reddy,13106,13087,17,2,0,133,133,0,0,District-wise numbers are out-dated as cumulative counts for each district are not reported in Telangana bulletin,
601,TG,Telangana,TG_Sangareddy,Sangareddy,4268,4262,6,0,0,107,107,0,0,District-wise numbers are out-dated as cumulative counts for each district are not reported in Telangana bulletin,
602,TG,Telangana,TG_Siddipet,Siddipet,3381,3380,1,0,0,75,75,0,0,District-wise numbers are out-dated as cumulative counts for each district are not reported in Telangana bulletin,
603,TG,Telangana,TG_Suryapet,Suryapet,3340,3316,24,0,0,34,34,0,0,District-wise numbers are out-dated as cumulative counts for each district are not reported in Telangana bulletin,
604,TG,Telangana,TG_Vikarabad,Vikarabad,944,928,15,1,0,6,6,0,0,District-wise numbers are out-dated as cumulative counts for each district are not reported in Telangana bulletin,
605,TG,Telangana,TG_Wanaparthy,Wanaparthy,1720,1720,0,0,0,19,19,0,0,District-wise numbers are out-dated as cumulative counts for each district are not reported in Telangana bulletin,
606,TG,Telangana,TG_Warangal Rural,Warangal Rural,1743,1743,0,0,0,20,20,0,0,District-wise numbers are out-dated as cumulative counts for each district are not reported in Telangana bulletin,
607,TG,Telangana,TG_Warangal Urban,Warangal Urban,6257,6234,23,0,0,70,70,0,0,District-wise numbers are out-dated as cumulative counts for each district are not reported in Telangana bulletin,
608,TG,Telangana,TG_Yadadri Bhuvanagiri,Yadadri Bhuvanagiri,1645,1645,0,0,0,23,23,0,0,District-wise numbers are out-dated as cumulative counts for each district are not reported in Telangana bulletin,
0,TN,Tamil Nadu,TN_Railway Quarantine,Railway Quarantine,428,2,426,0,0,0,0,0,0,,
0,TN,Tamil Nadu,TN_Airport Quarantine,Airport Quarantine,1816,57,1758,1,0,6,-27,33,0,,
0,TN,Tamil Nadu,TN_Other State,Other State,0,-3,0,3,0,0,0,0,0,,
544,TN,Tamil Nadu,TN_Ariyalur,Ariyalur,3289,206,3046,37,0,18,-21,39,0,,
732,TN,Tamil Nadu,TN_Chengalpattu,Chengalpattu,30743,2035,28221,487,0,377,48,323,6,,
545,TN,Tamil Nadu,TN_Chennai,Chennai,149583,10439,136155,2989,0,999,43,940,16,[July 22]: 444 backdated deceased entries added to Chennai in TN bulletin.,
546,TN,Tamil Nadu,TN_Coimbatore,Coimbatore,22662,3549,18756,357,0,506,54,448,4,,
547,TN,Tamil Nadu,TN_Cuddalore,Cuddalore,16567,2818,13570,179,0,292,-148,435,5,,
548,TN,Tamil Nadu,TN_Dharmapuri,Dharmapuri,2116,776,1320,20,0,87,79,8,0,,
549,TN,Tamil Nadu,TN_Dindigul,Dindigul,7940,723,7067,150,0,77,-39,116,0,,
550,TN,Tamil Nadu,TN_Erode,Erode,4668,1055,3551,62,0,134,12,119,3,,
734,TN,Tamil Nadu,TN_Kallakurichi,Kallakurichi,8019,944,6985,90,0,131,34,94,3,,
551,TN,Tamil Nadu,TN_Kancheepuram,Kancheepuram,19570,1264,18018,288,0,145,-9,155,-1,,
552,TN,Tamil Nadu,TN_Kanyakumari,Kanyakumari,11094,754,10132,208,0,136,18,117,1,,
553,TN,Tamil Nadu,TN_Karur,Karur,2220,418,1769,33,0,59,21,37,1,,
554,TN,Tamil Nadu,TN_Krishnagiri,Krishnagiri,3252,790,2418,44,0,78,-68,146,0,,
555,TN,Tamil Nadu,TN_Madurai,Madurai,15394,692,14330,372,0,84,-200,287,-3,,
556,TN,Tamil Nadu,TN_Nagapattinam,Nagapattinam,4201,1166,2966,69,0,126,30,94,2,,
557,TN,Tamil Nadu,TN_Namakkal,Namakkal,3462,893,2518,51,0,118,-19,136,1,,
564,TN,Tamil Nadu,TN_Nilgiris,Nilgiris,2443,591,1835,17,0,94,42,52,0,,
558,TN,Tamil Nadu,TN_Perambalur,Perambalur,1555,111,1425,19,0,10,-1,11,0,,
559,TN,Tamil Nadu,TN_Pudukkottai,Pudukkottai,7525,785,6619,121,0,98,-1,99,0,,
560,TN,Tamil Nadu,TN_Ramanathapuram,Ramanathapuram,5207,247,4846,114,0,26,3,22,1,,
733,TN,Tamil Nadu,TN_Ranipet,Ranipet,12195,647,11403,145,0,102,-43,145,0,,
561,TN,Tamil Nadu,TN_Salem,Salem,14774,2045,12498,231,0,299,63,233,3,,
562,TN,Tamil Nadu,TN_Sivaganga,Sivaganga,4557,233,4210,114,0,36,-3,39,0,,
731,TN,Tamil Nadu,TN_Tenkasi,Tenkasi,6344,588,5638,118,0,84,35,47,2,,
563,TN,Tamil Nadu,TN_Thanjavur,Thanjavur,8466,890,7446,130,0,126,13,111,2,,
565,TN,Tamil Nadu,TN_Theni,Theni,13833,759,12917,157,0,58,-27,85,0,,
566,TN,Tamil Nadu,TN_Thiruvallur,Thiruvallur,28620,2043,26092,485,0,295,-44,330,9,,
567,TN,Tamil Nadu,TN_Thiruvarur,Thiruvarur,5409,723,4621,65,0,142,23,119,0,,
568,TN,Tamil Nadu,TN_Thoothukkudi,Thoothukkudi,12374,709,11546,119,0,74,28,46,0,,
569,TN,Tamil Nadu,TN_Tiruchirappalli,Tiruchirappalli,8914,854,7929,131,0,68,-37,107,-2,,
570,TN,Tamil Nadu,TN_Tirunelveli,Tirunelveli,11192,1025,9976,191,0,61,-47,110,-2,,
735,TN,Tamil Nadu,TN_Tirupathur,Tirupathur,3783,519,3191,73,0,82,27,55,0,,
571,TN,Tamil Nadu,TN_Tiruppur,Tiruppur,4938,1822,3030,86,0,190,105,84,1,,
572,TN,Tamil Nadu,TN_Tiruvannamalai,Tiruvannamalai,13296,1486,11616,194,0,225,-53,278,0,,
573,TN,Tamil Nadu,TN_Vellore,Vellore,12765,1003,11567,195,0,136,71,64,1,,
574,TN,Tamil Nadu,TN_Viluppuram,Viluppuram,9571,868,8618,85,0,130,-12,144,-2,,
575,TN,Tamil Nadu,TN_Virudhunagar,Virudhunagar,13726,386,13136,204,0,43,-50,91,2,,
609,TR,Tripura,TR_Dhalai,Dhalai,1973,849,1116,7,1,20,-5,25,0,,
610,TR,Tripura,TR_Gomati,Gomati,2149,611,1515,22,1,40,-6,45,1,,
611,TR,Tripura,TR_Khowai,Khowai,1357,415,924,18,0,4,-49,52,1,,
612,TR,Tripura,TR_North Tripura,North Tripura,1671,615,1042,8,6,47,6,40,1,,
613,TR,Tripura,TR_Sipahijala,Sipahijala,2244,504,1723,17,0,19,1,18,0,,
614,TR,Tripura,TR_South Tripura,South Tripura,1479,675,792,9,3,32,4,28,0,,
615,TR,Tripura,TR_Unokoti,Unokoti,1178,540,629,9,0,13,-20,33,0,,
616,TR,Tripura,TR_West Tripura,West Tripura,7133,3217,3795,110,11,80,-86,163,3,,
617,UP,Uttar Pradesh,UP_Agra,Agra,4152,864,3175,113,0,107,36,71,0,,
618,UP,Uttar Pradesh,UP_Aligarh,Aligarh,6495,1678,4786,31,0,128,-38,166,0,,
619,UP,Uttar Pradesh,UP_Ambedkar Nagar,Ambedkar Nagar,1178,265,889,24,0,16,-9,25,0,,
620,UP,Uttar Pradesh,UP_Amethi,Amethi,1975,572,1389,14,0,29,-5,34,0,,
621,UP,Uttar Pradesh,UP_Amroha,Amroha,2175,440,1712,23,0,17,-10,27,0,,
622,UP,Uttar Pradesh,UP_Auraiya,Auraiya,1753,354,1379,20,0,17,-26,42,1,,
765,UP,Uttar Pradesh,UP_Ayodhya,Ayodhya,4695,1002,3637,56,0,59,-48,106,1,,
623,UP,Uttar Pradesh,UP_Azamgarh,Azamgarh,3895,560,3274,61,0,89,37,52,0,,
624,UP,Uttar Pradesh,UP_Baghpat,Baghpat,1098,162,918,18,0,5,-8,13,0,,
625,UP,Uttar Pradesh,UP_Bahraich,Bahraich,2615,411,2161,43,0,38,-4,41,1,,
626,UP,Uttar Pradesh,UP_Ballia,Ballia,4978,840,4080,58,0,86,30,56,0,,
627,UP,Uttar Pradesh,UP_Balrampur,Balrampur,1227,188,1018,21,0,5,-11,15,1,,
628,UP,Uttar Pradesh,UP_Banda,Banda,1436,409,1013,14,0,25,-32,57,0,,
629,UP,Uttar Pradesh,UP_Barabanki,Barabanki,5097,1089,3965,43,0,80,-21,100,1,,
630,UP,Uttar Pradesh,UP_Bareilly,Bareilly,8563,1935,6501,127,0,101,-17,118,0,,
631,UP,Uttar Pradesh,UP_Basti,Basti,2992,438,2494,60,0,36,-15,51,0,,
632,UP,Uttar Pradesh,UP_Bhadohi,Bhadohi,1373,249,1113,11,0,16,-16,32,0,,
633,UP,Uttar Pradesh,UP_Bijnor,Bijnor,2406,466,1914,26,0,24,-17,41,0,,
634,UP,Uttar Pradesh,UP_Budaun,Budaun,2193,508,1663,22,0,46,16,29,1,,
635,UP,Uttar Pradesh,UP_Bulandshahr,Bulandshahr,2975,581,2344,50,0,52,25,27,0,,
636,UP,Uttar Pradesh,UP_Chandauli,Chandauli,2630,556,2050,24,0,37,5,31,1,,
637,UP,Uttar Pradesh,UP_Chitrakoot,Chitrakoot,960,173,782,5,0,6,-27,33,0,,
638,UP,Uttar Pradesh,UP_Deoria,Deoria,5081,903,4123,55,0,46,-12,56,2,,
639,UP,Uttar Pradesh,UP_Etah,Etah,1361,365,985,11,0,7,-43,50,0,,
640,UP,Uttar Pradesh,UP_Etawah,Etawah,3150,831,2275,44,0,86,-15,101,0,,
642,UP,Uttar Pradesh,UP_Farrukhabad,Farrukhabad,1795,393,1370,32,0,33,-46,77,2,,
643,UP,Uttar Pradesh,UP_Fatehpur,Fatehpur,1794,403,1364,27,0,38,-15,53,0,,
644,UP,Uttar Pradesh,UP_Firozabad,Firozabad,2132,402,1680,50,0,15,-45,60,0,,
645,UP,Uttar Pradesh,UP_Gautam Buddha Nagar,Gautam Buddha Nagar,10332,1979,8305,48,0,140,-29,169,0,,
646,UP,Uttar Pradesh,UP_Ghaziabad,Ghaziabad,11064,2126,8865,73,0,277,158,119,0,,
647,UP,Uttar Pradesh,UP_Ghazipur,Ghazipur,3357,348,2975,34,0,23,-30,52,1,,
648,UP,Uttar Pradesh,UP_Gonda,Gonda,3192,456,2703,33,0,40,-19,58,1,,
649,UP,Uttar Pradesh,UP_Gorakhpur,Gorakhpur,12923,2787,9946,190,0,186,-111,294,3,,
650,UP,Uttar Pradesh,UP_Hamirpur,Hamirpur,862,175,672,15,0,14,7,7,0,,
651,UP,Uttar Pradesh,UP_Hapur,Hapur,2158,354,1770,34,0,19,7,12,0,,
652,UP,Uttar Pradesh,UP_Hardoi,Hardoi,3580,782,2749,49,0,85,7,76,2,,
653,UP,Uttar Pradesh,UP_Hathras,Hathras,805,114,684,7,0,7,-7,14,0,,
654,UP,Uttar Pradesh,UP_Jalaun,Jalaun,1771,336,1418,17,0,28,14,13,1,,
655,UP,Uttar Pradesh,UP_Jaunpur,Jaunpur,4386,537,3792,57,0,37,5,32,0,,
656,UP,Uttar Pradesh,UP_Jhansi,Jhansi,5761,1034,4610,117,0,87,-17,103,1,,
657,UP,Uttar Pradesh,UP_Kannauj,Kannauj,2036,266,1752,18,0,25,3,21,1,,
658,UP,Uttar Pradesh,UP_Kanpur Dehat,Kanpur Dehat,1509,389,1103,17,0,15,-21,35,1,,
659,UP,Uttar Pradesh,UP_Kanpur Nagar,Kanpur Nagar,20361,4571,15257,533,0,341,-54,389,6,,
660,UP,Uttar Pradesh,UP_Kasganj,Kasganj,1168,269,897,2,0,10,1,9,0,,
661,UP,Uttar Pradesh,UP_Kaushambi,Kaushambi,1263,225,1024,14,0,34,24,10,0,,
663,UP,Uttar Pradesh,UP_Kushinagar,Kushinagar,4124,632,3466,26,0,28,-78,106,0,,
662,UP,Uttar Pradesh,UP_Lakhimpur Kheri,Lakhimpur Kheri,3317,738,2539,40,0,76,-4,78,2,,
664,UP,Uttar Pradesh,UP_Lalitpur,Lalitpur,1989,590,1371,28,0,24,0,23,1,,
665,UP,Uttar Pradesh,UP_Lucknow,Lucknow,40172,9676,29972,524,0,984,121,855,8,,
667,UP,Uttar Pradesh,UP_Maharajganj,Maharajganj,3930,692,3188,50,0,58,-32,90,0,,
666,UP,Uttar Pradesh,UP_Mahoba,Mahoba,664,124,534,6,0,2,-15,17,0,,
668,UP,Uttar Pradesh,UP_Mainpuri,Mainpuri,2216,557,1622,37,0,38,-15,53,0,,
669,UP,Uttar Pradesh,UP_Mathura,Mathura,3166,816,2291,59,0,70,39,30,1,,
670,UP,Uttar Pradesh,UP_Mau,Mau,2024,381,1622,21,0,16,-14,29,1,,
671,UP,Uttar Pradesh,UP_Meerut,Meerut,6643,2031,4439,173,0,145,50,93,2,,
672,UP,Uttar Pradesh,UP_Mirzapur,Mirzapur,2028,308,1694,26,0,15,-16,31,0,,
673,UP,Uttar Pradesh,UP_Moradabad,Moradabad,6724,1196,5407,121,0,62,-36,97,1,,
674,UP,Uttar Pradesh,UP_Muzaffarnagar,Muzaffarnagar,3351,1082,2224,45,0,56,-36,90,2,,
675,UP,Uttar Pradesh,UP_Pilibhit,Pilibhit,2919,362,2508,49,0,13,-47,58,2,,
676,UP,Uttar Pradesh,UP_Pratapgarh,Pratapgarh,2827,808,1984,35,0,46,-26,72,0,,
677,UP,Uttar Pradesh,UP_Prayagraj,Prayagraj,14538,3728,10592,218,0,346,2,342,2,,
678,UP,Uttar Pradesh,UP_Rae Bareli,Rae Bareli,2201,641,1503,57,0,59,25,34,0,,
679,UP,Uttar Pradesh,UP_Rampur,Rampur,4248,629,3585,34,0,13,-83,96,0,,
680,UP,Uttar Pradesh,UP_Saharanpur,Saharanpur,5828,1691,4062,75,0,77,-35,112,0,,
681,UP,Uttar Pradesh,UP_Sambhal,Sambhal,1905,253,1617,35,0,27,-8,33,2,,
682,UP,Uttar Pradesh,UP_Sant Kabir Nagar,Sant Kabir Nagar,2274,228,2018,28,0,14,-4,18,0,,
683,UP,Uttar Pradesh,UP_Shahjahanpur,Shahjahanpur,4581,1028,3492,61,0,90,4,83,3,,
684,UP,Uttar Pradesh,UP_Shamli,Shamli,1724,473,1239,12,0,22,-33,55,0,,
685,UP,Uttar Pradesh,UP_Shrawasti,Shrawasti,828,73,744,11,0,3,-4,7,0,,
686,UP,Uttar Pradesh,UP_Siddharthnagar,Siddharthnagar,2686,357,2302,27,0,23,-11,34,0,,
687,UP,Uttar Pradesh,UP_Sitapur,Sitapur,2927,586,2316,25,0,23,-60,82,1,,
688,UP,Uttar Pradesh,UP_Sonbhadra,Sonbhadra,2255,606,1629,20,0,8,-52,59,1,,
689,UP,Uttar Pradesh,UP_Sultanpur,Sultanpur,2673,498,2133,42,0,30,-30,59,1,,
690,UP,Uttar Pradesh,UP_Unnao,Unnao,2814,651,2107,56,0,23,-19,41,1,,
691,UP,Uttar Pradesh,UP_Varanasi,Varanasi,10917,2067,8641,209,0,156,-25,178,3,,
692,UT,Uttarakhand,UT_Almora,Almora,875,311,558,3,3,0,0,0,0,,
693,UT,Uttarakhand,UT_Bageshwar,Bageshwar,382,156,225,1,0,0,0,0,0,,
694,UT,Uttarakhand,UT_Chamoli,Chamoli,519,165,351,0,3,0,0,0,0,,
695,UT,Uttarakhand,UT_Champawat,Champawat,543,283,258,2,0,0,0,0,0,,
696,UT,Uttarakhand,UT_Dehradun,Dehradun,7585,3179,4173,200,33,0,0,0,0,,
697,UT,Uttarakhand,UT_Haridwar,Haridwar,6737,2126,4521,66,24,0,0,0,0,,
698,UT,Uttarakhand,UT_Nainital,Nainital,4126,1230,2810,75,11,0,0,0,0,,
699,UT,Uttarakhand,UT_Pauri Garhwal,Pauri Garhwal,1126,524,575,10,17,0,0,0,0,,
700,UT,Uttarakhand,UT_Pithoragarh,Pithoragarh,669,237,428,4,0,0,0,0,0,,
701,UT,Uttarakhand,UT_Rudraprayag,Rudraprayag,488,262,224,1,1,0,0,0,0,,
702,UT,Uttarakhand,UT_Tehri Garhwal,Tehri Garhwal,1734,420,1312,2,0,0,0,0,0,,
703,UT,Uttarakhand,UT_Udham Singh Nagar,Udham Singh Nagar,5887,1154,4661,46,26,0,0,0,0,,
704,UT,Uttarakhand,UT_Uttarkashi,Uttarkashi,1302,350,944,4,4,0,0,0,0,,
705,WB,West Bengal,WB_Alipurduar,Alipurduar,3333,476,2828,29,0,50,-37,86,1,,
706,WB,West Bengal,WB_Bankura,Bankura,3993,701,3262,30,0,129,62,66,1,,
707,WB,West Bengal,WB_Birbhum,Birbhum,2794,390,2382,22,0,48,-8,55,1,,
708,WB,West Bengal,WB_Cooch Behar,Cooch Behar,4367,604,3741,22,0,88,8,78,2,,
709,WB,West Bengal,WB_Dakshin Dinajpur,Dakshin Dinajpur,4531,425,4077,29,0,59,13,46,0,,
710,WB,West Bengal,WB_Darjeeling,Darjeeling,6379,719,5568,92,0,149,27,122,0,,
711,WB,West Bengal,WB_Hooghly,Hooghly,10238,1415,8646,177,0,261,14,242,5,,
712,WB,West Bengal,WB_Howrah,Howrah,15362,1005,13895,462,0,145,67,72,6,,
713,WB,West Bengal,WB_Jalpaiguri,Jalpaiguri,4816,630,4146,40,0,90,50,40,0,,
714,WB,West Bengal,WB_Jhargram,Jhargram,388,78,308,2,0,19,15,4,0,,
715,WB,West Bengal,WB_Kalimpong,Kalimpong,658,118,537,3,0,21,7,14,0,,
716,WB,West Bengal,WB_Kolkata,Kolkata,47141,4216,41436,1489,0,553,56,481,16,,
717,WB,West Bengal,WB_Malda,Malda,5645,433,5163,49,0,60,24,36,0,,
719,WB,West Bengal,WB_Murshidabad,Murshidabad,4507,662,3792,53,0,103,20,82,1,,
720,WB,West Bengal,WB_Nadia,Nadia,5542,892,4583,67,0,102,-42,141,3,,
721,WB,West Bengal,WB_North 24 Parganas,North 24 Parganas,42153,4409,36845,899,0,559,13,536,10,,
0,WB,West Bengal,WB_Other State,Other State,66,0,63,3,0,0,0,0,0,,
722,WB,West Bengal,WB_Paschim Bardhaman,Paschim Bardhaman,5451,1006,4399,46,0,82,-40,121,1,,
718,WB,West Bengal,WB_Paschim Medinipur,Paschim Medinipur,7228,1424,5723,81,0,263,28,234,1,,
723,WB,West Bengal,WB_Purba Bardhaman,Purba Bardhaman,3759,608,3123,28,0,48,-16,63,1,,
724,WB,West Bengal,WB_Purba Medinipur,Purba Medinipur,8659,1303,7267,89,0,138,-143,279,2,,
725,WB,West Bengal,WB_Purulia,Purulia,2201,506,1686,9,0,60,12,46,2,,
726,WB,West Bengal,WB_South 24 Parganas,South 24 Parganas,13856,1304,12297,255,0,144,-85,224,5,,
727,WB,West Bengal,WB_Uttar Dinajpur,Uttar Dinajpur,2852,369,2456,27,0,40,24,16,0,,
728,AN,Andaman and Nicobar Islands,AN_Unknown,Unknown,3505,208,3245,52,0,0,0,0,0,,
729,AP,Andhra Pradesh,AP_Unknown,Unknown,0,0,0,0,0,0,0,0,0,,
730,AR,Arunachal Pradesh,AR_Unknown,Unknown,14,11,3,0,0,0,0,0,0,,
731,AS,Assam,AS_Unknown,Unknown,48199,-21826,69900,122,3,0,0,0,0,,
732,BR,Bihar,BR_Unknown,Unknown,0,0,0,0,0,0,0,0,0,,
733,CH,Chandigarh,CH_Unknown,Unknown,0,0,0,0,0,0,0,0,0,,
734,CT,Chhattisgarh,CT_Unknown,Unknown,0,0,0,0,0,0,0,0,0,,
735,DN,Dadra and Nagar Haveli and Daman and Diu,DN_Unknown,Unknown,0,0,0,0,0,0,0,0,0,,
737,DL,Delhi,DL_Unknown,Unknown,220745,27904,188072,4769,0,0,0,0,0,,
738,GA,Goa,GA_Unknown,Unknown,18519,1321,17087,111,0,0,0,0,0,,
739,GJ,Gujarat,GJ_Unknown,Unknown,2,-5,7,0,0,0,0,0,0,,
740,HR,Haryana,HR_Unknown,Unknown,0,0,0,0,0,0,0,0,0,,
741,HP,Himachal Pradesh,HP_Unknown,Unknown,0,-3,0,0,3,0,0,0,0,,
742,JK,Jammu and Kashmir,JK_Unknown,Unknown,0,0,0,0,0,0,0,0,0,,
743,JH,Jharkhand,JH_Unknown,Unknown,0,0,0,0,0,0,0,0,0,,
744,KA,Karnataka,KA_Unknown,Unknown,0,0,0,0,0,0,0,0,0,,
745,KL,Kerala,KL_Unknown,Unknown,0,0,0,0,0,0,0,0,0,,
746,LA,Ladakh,LA_Unknown,Unknown,0,0,0,0,0,0,0,0,0,,
747,LD,Lakshadweep,LD_Unknown,Unknown,0,0,0,0,0,0,0,0,0,,
748,MP,Madhya Pradesh,MP_Unknown,Unknown,0,0,0,0,0,0,0,0,0,,
749,MH,Maharashtra,MH_Unknown,Unknown,0,0,0,0,0,0,0,0,0,,
750,MN,Manipur,MN_Unknown,Unknown,307,-4354,4659,2,0,0,0,0,0,,
751,ML,Meghalaya,ML_Unknown,Unknown,0,0,0,0,0,0,0,0,0,,
752,MZ,Mizoram,MZ_Unknown,Unknown,0,0,0,0,0,0,0,0,0,,
753,NL,Nagaland,NL_Unknown,Unknown,0,0,0,0,0,0,0,0,0,,
754,OR,Odisha,OR_Unknown,Unknown,0,0,0,0,0,0,0,0,0,,
755,PY,Puducherry,PY_Unknown,Unknown,0,0,0,0,0,0,0,0,0,,
756,PB,Punjab,PB_Unknown,Unknown,0,0,0,0,0,0,0,0,0,,
757,RJ,Rajasthan,RJ_Unknown,Unknown,0,0,0,0,0,0,0,0,0,,
758,SK,Sikkim,SK_Unknown,Unknown,77,-246,310,13,0,0,0,0,0,,
759,TN,Tamil Nadu,TN_Unknown,Unknown,0,0,0,0,0,0,0,0,0,,
760,TG,Telangana,TG_Unknown,Unknown,457,-126943,126456,944,0,0,0,0,0,,
761,TR,Tripura,TR_Unknown,Unknown,0,0,0,0,0,0,0,0,0,,
762,UP,Uttar Pradesh,UP_Unknown,Unknown,0,0,0,0,0,0,0,0,0,,
763,UT,Uttarakhand,UT_Unknown,Unknown,0,0,0,0,0,0,0,0,0,,
764,WB,West Bengal,WB_Unknown,Unknown,0,0,0,0,0,0,0,0,0,,