Update Time Stamp,Tested As Of,Daily RTPCR Samples Collected_ICMR Application,Total RTPCR Samples Collected_ICMR Application,Total Samples Tested,Total Individuals Tested,Total Positive Cases,Tests conducted by Private Labs,Sample Reported today,Positive cases from samples reported,Source,Source 1,Source 3,Test positivity rate,Test positivity last 7 days,Individuals Tested Per Confirmed Case,Tests Per Confirmed Case,Tests per million
13/03/2020 00:00:00,13/03/2020,,,6500,5900,78,,,,Press_Release_ICMR_13March2020.pdf,,,1.20%,,75.64,83.33,5
18/03/2020 18:00:00,18/03/2020,,,13125,12235,150,,,,ICMR_website_update_18March_6PM_IST.pdf,,,1.14%,,81.57,87.50,10
19/03/2020 10:00:00,19/03/2020,,,13316,12426,168,,,,ICMR_website_update_19March_10AM_IST_V2.pdf,,,1.26%,,73.96,79.26,10
19/03/2020 18:00:00,19/03/2020,,,14175,13285,182,,,,ICMR_website_update_19March_6PM_IST.pdf,,,1.28%,,72.99,77.88,11
20/03/2020 10:00:00,20/03/2020,,,14376,13486,206,,,,ICMR_website_update_20March_10AM_IST.pdf,,,1.43%,,65.47,69.79,11
20/03/2020 18:00:00,20/03/2020,,,15404,14514,236,,,,ICMR_website_update_20March_6PM_IST.pdf,,,1.53%,,61.50,65.27,12
21/03/2020 10:00:00,21/03/2020,,,15701,14811,271,,,,ICMR_website_update_21March_10AM_IST.pdf,,,1.73%,,54.65,57.94,12
21/03/2020 18:00:00,21/03/2020,,,16911,16021,315,,,,ICMR_website_update_21March_6PM_IST.pdf,,,1.86%,,50.86,53.69,13
22/03/2020 10:00:00,22/03/2020,,,16999,16109,341,,,,ICMR_website_update_22March_10AM_IST.pdf,,,2.01%,2.58%,47.24,49.85,13
22/03/2020 18:00:00,22/03/2020,,,18127,17237,396,,,,ICMR_website_update_22March_6PM_IST.pdf,,,2.18%,2.43%,43.53,45.78,14
23/03/2020 10:00:00,23/03/2020,,,18383,17493,415,,,,ICMR_website_update_23March_10AM_IST.pdf,,,2.26%,3.92%,42.15,44.30,14
23/03/2020 20:00:00,23/03/2020,,,20707,19817,471,,,,ICMR_website_update_23March_8PM_IST.pdf,,,2.27%,3.66%,42.07,43.96,16
24/03/2020 10:00:00,24/03/2020,,,20864,19974,482,,,,ICMR_website_update_24March_10AM_IST.pdf,,,2.31%,5.33%,41.44,43.29,16
24/03/2020 20:00:00,24/03/2020,,,22694,21804,536,,,,ICMR_website_update_24March_8PM_IST.pdf,,,2.36%,5.31%,40.68,42.34,17
25/03/2020 10:00:00,25/03/2020,,,22928,22038,539,,,,ICMR_website_update_25March_10AM_IST.pdf,,,2.35%,7.06%,40.89,42.54,17
25/03/2020 20:00:00,25/03/2020,,,25144,24254,581,,,,ICMR_website_update_25March_8PM_IST.pdf,,,2.31%,5.97%,41.75,43.28,19
26/03/2020 10:00:00,26/03/2020,,,,,,,,,,,,,,,,
27/03/2020 09:00:00,26/03/2020,,,27688,26798,691,,,,ICMR_website_update_27March_9AM_IST.pdf,,,2.50%,6.74%,38.78,40.07,21
30/03/2020 00:00:00,30/03/2020,,,38442,,,1334,,,MoH Press conference with Dr. Raman G,,,0.00%,3.86%,,,29
31/03/2020 00:00:00,31/03/2020,,,42788,,,1733,,,MoH Press conference with Dr. Raman G,,,0.00%,3.36%,,,32
01/04/2020 00:00:00,01/04/2020,,,47951,,1637,4562,,,https://twitter.com/PTI_News/status/1245308976440340482,,,3.41%,3.28%,0.00,29.29,36
02/04/2020 21:00:00,02/04/2020,,,55851,,2056,,,,ICMR_testing_update_02April_9PM_IST.pdf,,,3.68%,3.23%,0.00,27.16,42
03/04/2020 09:00:00,03/04/2020,,,56680,,2183,,,,ICMR_testing_update_03April_9AM_IST.pdf,,,3.85%,4.45%,0.00,25.96,43
03/04/2020 21:00:00,03/04/2020,,,69245,,2653,,10034,575,ICMR_testing_update_03April_9PM_IST.pdf,,,3.83%,2.62%,0.00,26.10,52
04/04/2020 21:00:00,04/04/2020,,,79950,,3113,,,,https://icmr.nic.in/sites/default/files/whats_new/ICMR_testing_update_04April_9PM_IST.pdf,,,3.89%,4.25%,0.00,25.68,60
05/04/2020 21:00:00,05/04/2020,,,89534,,3554,,9369,295,https://icmr.nic.in/sites/default/files/whats_new/ICMR_testing_update_05April_9PM_IST.pdf,,,3.97%,5.22%,0.00,25.19,67
06/04/2020 21:00:00,06/04/2020,,,101068,,4135,,11432,311,https://icmr.nic.in/sites/default/files/whats_new/ICMR_testing_update_06April_9PM_IST.pdf,,,4.09%,5.41%,0.00,24.44,76
07/04/2020 21:00:00,07/04/2020,,,114015,,4616,,12584,285,ICMR_testing_update_07April_9PM_IST.pdf,,,4.05%,5.22%,0.00,24.70,86
08/04/2020 21:00:00,08/04/2020,,,127919,,5114,,13143,320,https://icmr.nic.in/sites/default/files/whats_new/ICMR_testing_update_08April_9PM_IST.pdf,,,4.00%,5.15%,0.00,25.01,96
09/04/2020 21:00:00,09/04/2020,,,144910,130792,5705,,16002,320,https://icmr.nic.in/sites/default/files/whats_new/ICMR_testing_update_09April_9PM_IST.pdf,,,3.94%,4.37%,22.93,25.40,109
10/04/2020 21:00:00,10/04/2020,,,161330,147034,6872,,15663,433,https://icmr.nic.in/sites/default/files/whats_new/ICMR_testing_update_10April_9PM_IST.pdf,,,4.26%,4.54%,21.40,23.48,121
11/04/2020 21:00:00,11/04/2020,,,179374,164773,7703,,17143,600,https://icmr.nic.in/sites/default/files/whats_new/ICMR_testing_update_11April_9PM_IST.pdf,,,4.29%,4.52%,21.39,23.29,135
12/04/2020 21:00:00,12/04/2020,,,195748,181028,8312,,"15,583",544,https://icmr.nic.in/sites/default/files/whats_new/ICMR_testing_update_12April_9PM_IST.pdf,,,4.25%,4.49%,21.78,23.55,147
13/04/2020 21:00:00,13/04/2020,,,217554,202551,9341,,,,https://icmr.nic.in/sites/default/files/whats_new/ICMR_testing_update_13April_9PM_IST_0.pdf,,,4.29%,4.22%,21.68,23.29,163
14/04/2020 21:00:00,14/04/2020,,,244893,229426,10307,,26351,853,https://icmr.nic.in/sites/default/files/whats_new/ICMR_testing_update_14April_9PM_IST.pdf,,,4.21%,4.34%,22.26,23.76,184
15/04/2020 21:00:00,15/04/2020,,,274599,258730,11297,,28941,953,https://icmr.nic.in/sites/default/files/whats_new/ICMR_testing_update_15April_9PM_IST.pdf,,,4.11%,4.18%,22.90,24.31,206
16/04/2020 21:00:00,16/04/2020,,,302956,286714,"12,581",,27256,1206,https://icmr.nic.in/sites/default/files/whats_new/ICMR_testing_update_16April_9PM_IST.pdf,,,4.15%,4.08%,22.79,24.08,227
17/04/2020 21:00:00,17/04/2020,,,335123,318449,14098,,31083,1443,https://icmr.nic.in/sites/default/files/whats_new/ICMR_testing_update_17April_9PM_IST.pdf,,,4.21%,3.86%,22.59,23.77,251
18/04/2020 21:00:00,18/04/2020,,,372123,354969,16365,,35494,2154,https://icmr.nic.in/sites/default/files/whats_new/ICMR_testing_update_18April_9PM_IST.pdf,,,4.40%,3.50%,21.69,22.74,279
19/04/2020 21:00:00,19/04/2020,,,401586,383985,17615,,27824,1135,https://icmr.nic.in/sites/default/files/whats_new/ICMR_testing_update_19April_9PM_IST.pdf,,,4.39%,3.53%,21.80,22.80,301
20/04/2020 21:00:00,20/04/2020,,,,,,,,,,,,,,,,
21/04/2020 21:00:00,21/04/2020,,,462621,447812,,,26943,,https://icmr.nic.in/sites/default/files/whats_new/ICMR_testing_update_21April_9PM_IST.pdf,,,0.00%,3.72%,,,347
22/04/2020 21:00:00,,,,,,,,,,,,,,,,,
23/04/2020 09:00:00,22/04/2020,,,500542,485172,21797,,,,https://icmr.nic.in/sites/default/files/whats_new/ICMR_testing_update_23Apr2020_9AM_IST.pdf,,,4.27%,4.56%,22.26,22.96,376
24/04/2020 09:00:00,23/04/2020,,,541789,525667,23502,,,,https://icmr.nic.in/sites/default/files/whats_new/ICMR_testing_update_24Apr2020_9AM_IST.pdf,,,4.25%,4.65%,22.37,23.05,406
25/04/2020 09:00:00,24/04/2020,,,579957,,,,,,https://icmr.nic.in/sites/default/files/whats_new/ICMR_testing_update_25Apr2020_9AM_IST.pdf,,,4.22%,4.86%,,,435
26/04/2020 09:00:00,25/04/2020,,,625309,,,,,,https://icmr.nic.in/sites/default/files/whats_new/ICMR_testing_update_26Apr2020_9AM_IST.pdf,,,4.20%,4.72%,,,469
27/04/2020 09:00:00,26/04/2020,,,665819,,,,,,https://icmr.nic.in/sites/default/files/whats_new/ICMR_testing_update_27Apr2020_9AM_IST.pdf,,,4.19%,1.59%,,,500
28/04/2020 09:00:00,27/04/2020,,,716733,,,,,,https://www.icmr.nic.in/pdf/covid/update/ICMR_testing_update_28Apr2020_9AM_IST.pdf,,,4.11%,4.29%,,,538
29/04/2020 09:00:00,28/04/2020,,,770764,,,,,,https://www.icmr.gov.in/pdf/covid/update/ICMR_testing_update_29Apr2020_9AM_IST.pdf,,,4.07%,1.46%,,,578
30/04/2020 09:00:00,29/04/2020,,,830201,,,,,,https://www.icmr.gov.in/pdf/covid/update/ICMR_testing_update_30Apr2020_9AM_IST.pdf,,,3.98%,3.55%,,,623
01/05/2020 09:00:00,30/04/2020,,,902654,,,,,,https://www.icmr.gov.in/pdf/covid/update/ICMR_testing_update_01May2020_9AM_IST.pdf,,,3.86%,3.28%,,,677
02/05/2020 09:00:00,01/05/2020,,,976363,,,,,,https://www.icmr.gov.in/pdf/covid/update/ICMR_testing_update_02May2020_9AM_IST.pdf,,,3.82%,3.23%,,,733
03/05/2020 09:00:00,02/05/2020,,,1046450,,,,,,https://www.icmr.gov.in/pdf/covid/update/ICMR_testing_update_03May2020_9AM_IST.pdf,,,3.81%,3.22%,,,785
04/05/2020 09:00:00,03/05/2020,,,1107233,,,,,,https://www.icmr.gov.in/pdf/covid/update/ICMR_testing_update_04May2020_9AM_IST.pdf,,,3.86%,3.37%,,,831
05/05/2020 09:00:00,04/05/2020,,,1191946,,,,,,https://www.icmr.gov.in/pdf/covid/update/ICMR_testing_update_05May2020_9AM_IST.pdf,,,3.90%,3.57%,,,894
06/05/2020 09:00:00,05/05/2020,,,1276781,,,,,,https://www.icmr.gov.in/pdf/covid/update/ICMR_testing_update_06May2020_9AM_IST.pdf,,,3.87%,3.57%,,,958
07/05/2020 09:00:00,06/05/2020,,,1357413,,,,,,https://www.icmr.gov.in/pdf/covid/update/ICMR_testing_update_07May2020_9AM_IST.pdf,,,3.91%,3.78%,,,1018
08/05/2020 09:00:00,07/05/2020,,,1437788,,,,,,https://www.icmr.gov.in/pdf/covid/update/ICMR_testing_update_08May2020_9AM_IST.pdf,,,3.92%,4.01%,,,1079
09/05/2020 09:00:00,08/05/2020,,,1523213,,,,,,https://www.icmr.gov.in/pdf/covid/update/ICMR_testing_update_09May2020_9AM_IST.pdf,,,3.92%,4.10%,,,1143
10/05/2020 09:00:00,09/05/2020,,,1609037,,,,,,https://www.icmr.gov.in/pdf/covid/update/ICMR_testing_update_10May2020_9AM_IST.pdf,,,3.91%,4.10%,,,1207
11/05/2020 09:00:00,10/05/2020,,,1673688,,,,,,https://www.icmr.gov.in/pdf/covid/update/ICMR_testing_update_11May2020_9AM_IST.pdf,,,4.01%,4.31%,,,1256
12/05/2020 09:00:00,11/05/2020,,,1759579,,,,,,https://www.icmr.gov.in/pdf/covid/update/ICMR_testing_update_12May2020_9AM_IST.pdf,,,4.02%,4.29%,,,1320
13/05/2020 09:00:00,12/05/2020,,,1854250,,,,,,https://www.icmr.gov.in/pdf/covid/update/ICMR_testing_update_13May2020_9AM_IST.pdf,,,4.01%,4.32%,,,1391
14/05/2020 09:00:00,13/05/2020,,,1947041,,,,,,https://www.icmr.gov.in/pdf/covid/update/ICMR_testing_update_14May2020_9AM_IST.pdf,,,4.01%,4.25%,,,1461
15/05/2020 09:00:00,14/05/2020,,,2039952,,,,,,https://www.icmr.gov.in/pdf/covid/update/ICMR_testing_update_15May2020_9AM_IST.pdf,,,4.02%,4.27%,,,1530
16/05/2020 09:00:00,15/05/2020,,,2134277,,,,,,https://www.icmr.gov.in/pdf/covid/update/ICMR_testing_update_16May2020_9AM_IST.pdf,,,4.02%,4.28%,,,1601
17/05/2020 09:00:00,16/05/2020,,,2227642,,,,,,https://www.icmr.gov.in/pdf/covid/update/ICMR_testing_update_17May2020_9AM_IST.pdf,,,4.07%,4.49%,,,1671
18/05/2020 09:00:00,17/05/2020,,,2302792,,,,,,https://www.icmr.gov.in/pdf/covid/update/ICMR_testing_update_18May2020_9AM_IST.pdf,,,4.16%,4.53%,,,1728
19/05/2020 09:00:00,18/05/2020,,,2404267,,,,,,https://www.icmr.gov.in/pdf/covid/update/ICMR_testing_update_19May2020_9AM_IST.pdf,,,4.17%,4.58%,,,1804
20/05/2020 09:00:00,19/05/2020,,,2512388,,,,108121,,https://www.icmr.gov.in/pdf/covid/update/ICMR_testing_update_20May2020_9AM_IST.pdf,,,4.24%,4.88%,,,1885
21/05/2020 09:00:00,20/05/2020,,,2615920,,,,103532,,https://www.icmr.gov.in/pdf/covid/update/ICMR_testing_update_21May2020_9AM_IST.pdf,,,4.29%,5.10%,,,1963
22/05/2020 09:00:00,21/05/2020,,,2719434,,,,103514,,https://t.me/Covid19india_Auxiliary_Test_Data/99,,,4.35%,5.32%,,,2040
23/05/2020 09:00:00,22/05/2020,,,2834798,,,,115364,,https://t.me/Covid19india_Auxiliary_Test_Data/110,,,4.40%,5.55%,,,2127
24/05/2020 09:00:00,23/05/2020,,,2943421,,,,108623,,https://t.me/Covid19india_Auxiliary_Test_Data/129,,,4.47%,5.70%,,,2208
25/05/2020 09:00:00,24/05/2020,,,3033591,,,,90170,,https://t.me/Covid19india_Auxiliary_Test_Data/146,,,4.57%,5.86%,,,2276
26/05/2020 09:00:00,25/05/2020,,,3126119,,,,92528,,https://t.me/Covid19india_Auxiliary_Test_Data/160,,,4.64%,6.18%,,,2345
27/05/2020 09:00:00,26/05/2020,,,3242160,,,,116041,,https://t.me/Covid19india_Auxiliary_Test_Data/177,,,4.65%,6.08%,,,2432
28/05/2020 09:00:00,27/05/2020,,,3362136,,,,119976,,https://t.me/Covid19india_Auxiliary_Test_Data/194,,,4.70%,6.15%,,,2522
29/05/2020 09:00:00,28/05/2020,,,3483838,,,,121702,,https://t.me/Covid19india_Auxiliary_Test_Data/211,,,4.75%,6.17%,,,2614
30/05/2020 09:00:00,29/05/2020,,,3611599,,,,127761,,https://t.me/Covid19india_Auxiliary_Test_Data/228,,,4.80%,6.27%,,,2710
31/05/2020 09:00:00,30/05/2020,,,3737027,,,,125428,,https://t.me/Covid19india_Auxiliary_Test_Data/236,,,4.87%,6.36%,,,2804
01/06/2020 09:00:00,31/05/2020,,1624406,3837207,,,,100180,,https://t.me/Covid19india_Auxiliary_Test_Data/253,,,4.97%,6.48%,,,2879
02/06/2020 09:00:00,01/06/2020,89644,1714050,3966075,,,,128868,,https://twitter.com/ICMRDELHI/status/1267665101781266433?s=20,,,5.00%,6.56%,,,2976
03/06/2020 09:00:00,02/06/2020,84339,1798389,4103233,,,,137158,,https://twitter.com/ICMRDELHI/status/1268030064467165184?s=19,,,5.05%,6.62%,,,3078
04/06/2020 09:00:00,03/06/2020,84519,1882908,4242718,,,,139485,,https://t.me/Covid19india_Auxiliary_Test_Data/294,,,5.11%,6.79%,,,3183
05/06/2020 09:00:00,04/06/2020,86201,1969109,4386379,,,,143661,,https://t.me/Covid19india_Auxiliary_Test_Data/313,,,5.17%,6.87%,,,3291
06/06/2020 09:00:00,05/06/2020,88580,2057689,4524317,,,,137938,,https://twitter.com/ICMRDELHI/status/1269111826618302464?s=19,,,5.22%,6.90%,,,3394
07/06/2020 09:00:00,06/06/2020,57905,2115594,4666386,,,,142069,,https://t.me/Covid19india_Auxiliary_Test_Data/340,,,5.28%,6.75%,,,3501
08/06/2020 09:00:00,07/06/2020,98544,2214138,4774434,,,,108048,,https://t.me/Covid19india_Auxiliary_Test_Data/355,,,5.39%,7.31%,,,3582
09/06/2020 09:00:00,08/06/2020,95480,2309618,4916116,,,,141682,,https://t.me/Covid19india_Auxiliary_Test_Data/374,,,5.41%,7.24%,,,3688
10/06/2020 09:00:00,09/06/2020,98838,2408456,5061332,,,,145216,,https://t.me/Covid19india_Auxiliary_Test_Data/388,,,5.45%,7.22%,,,3797
11/06/2020 09:00:00,10/06/2020,101669,2510125,5213140,,,,151808,,https://t.me/Covid19india_Auxiliary_Test_Data/402,,,5.51%,7.31%,,,3911
12/06/2020 09:00:00,11/06/2020,105017,2615142,5363445,,,,150305,,https://t.me/Covid19india_Auxiliary_Test_Data/419,,,5.56%,7.40%,,,4024
13/06/2020 09:00:00,12/06/2020,102911,2718053,5507182,,,,143737,,https://twitter.com/ICMRDELHI/status/1271652968694075393?s=09,,,5.62%,7.49%,,,4132
14/06/2020 09:00:00,13/06/2020,67013,2785066,5658614,,,,151432,,https://t.me/Covid19india_Auxiliary_Test_Data/448,,,5.68%,7.26%,,,4245
15/06/2020 09:00:00,14/06/2020,126437,2911503,5774133,,,,115519,,https://t.me/Covid19india_Auxiliary_Test_Data/472,,,5.77%,7.81%,,,4332
16/06/2020 09:00:00,15/06/2020,128725,3040228,5921069,,,,154935,,https://t.me/Covid19india_Auxiliary_Test_Data/490,,,5.79%,7.80%,,,4442
17/06/2020 09:00:00,16/06/2020,132885,3173113,6084256,,,,163187,,https://t.me/Covid19india_Auxiliary_Test_Data/509,,,5.82%,7.69%,,,4565
18/06/2020 09:00:00,17/06/2020,129434,3302547,6249668,,,,165412,,https://t.me/Covid19india_Auxiliary_Test_Data/525,,,5.88%,7.78%,,,4689
19/06/2020 09:00:00,18/06/2020,138171,3440718,6426627,,,,176959,,https://t.me/Covid19india_Auxiliary_Test_Data/543,,,5.93%,7.78%,,,4822
20/06/2020 09:00:00,19/06/2020,137386,3578104,6616496,,,,189869,,https://t.me/Covid19india_Auxiliary_Test_Data/562,,,5.98%,7.75%,,,4964
21/06/2020 09:00:00,20/06/2020,77194,3655298,6807226,,,,190730,,https://t.me/Covid19india_Auxiliary_Test_Data/577,,,6.05%,7.62%,,,5107
22/06/2020 09:00:00,21/06/2020,153451,3808749,6950493,,,,143267,,https://t.me/Covid19india_Auxiliary_Test_Data/594,https://twitter.com/ICMRDELHI/status/1274913260559577090?s=19,,6.14%,8.14%,,,5215
23/06/2020 09:00:00,22/06/2020,147291,3956040,7137716,,,,187223,,https://t.me/Covid19india_Auxiliary_Test_Data/610,https://twitter.com/ICMRDELHI/status/1275277617864699906?s=19,,6.17%,8.19%,,,5355
24/06/2020 09:00:00,23/06/2020,150413,4106453,7352911,,,,215195,,https://twitter.com/ICMRDELHI/status/1275632600481067008/photo/1,https://t.me/Covid19india_Auxiliary_Test_Data/628,,6.20%,8.05%,,,5516
25/06/2020 09:00:00,24/06/2020,146088,4252541,7560782,,,,207871,,https://twitter.com/ICMRDELHI/status/1275995927824588802,,,6.26%,8.10%,,,5672
26/06/2020 09:00:00,25/06/2020,153175,4405716,7776228,,,,215446,,https://twitter.com/ICMRDELHI/status/1276356899642859520,,,6.32%,8.22%,,,5834
27/06/2020 09:00:00,26/06/2020,153298,4559014,7996707,,,,220479,,https://twitter.com/ICMRDELHI/status/1276720050066452481,https://t.me/Covid19india_Auxiliary_Test_Data/686,,6.37%,8.21%,,,5999
28/06/2020 09:00:00,27/06/2020,90237,4649251,8227802,,,,231095,,https://twitter.com/ICMRDELHI/status/1277084645016797190,https://t.me/Covid19india_Auxiliary_Test_Data/712,,6.44%,8.04%,,,6173
29/06/2020 09:00:00,28/06/2020,168342,4817593,8398362,,,,170560,,https://twitter.com/ICMRDELHI/status/1277441381988921344,https://t.me/Covid19india_Auxiliary_Test_Data/740,,6.54%,8.63%,,,6301
30/06/2020 09:00:00,29/06/2020,171411,4989004,8608654,,,,210292,,https://twitter.com/ICMRDELHI/status/1277811671281446913,https://t.me/Covid19india_Auxiliary_Test_Data/774,,6.59%,8.87%,,,6459
01/07/2020 09:00:00,30/06/2020,165921,5154925,8826585,,,,217931,,https://twitter.com/ICMRDELHI/status/1278172186612609025,https://t.me/Covid19india_Auxiliary_Test_Data/804,,6.64%,8.91%,,,6622
02/07/2020 09:00:00,01/07/2020,177160,5332085,9056173,,,,229588,,https://twitter.com/ICMRDELHI/status/1278529927797551104,https://t.me/Covid19india_Auxiliary_Test_Data/830,,6.68%,8.91%,,,6794
03/07/2020 09:00:00,02/07/2020,183381,5515466,9297749,,,,241576,,https://twitter.com/ICMRDELHI/status/1278893457470222337,https://t.me/Covid19india_Auxiliary_Test_Data/866,,6.75%,9.05%,,,6976
04/07/2020 09:00:00,03/07/2020,186322,5701788,9540132,,,,242383,,https://twitter.com/ICMRDELHI/status/1279256992754790405,https://t.me/Covid19india_Auxiliary_Test_Data/882,,6.81%,9.17%,,,7157
05/07/2020 09:00:00,04/07/2020,102514,5804302,9789066,,,,248934,,https://twitter.com/ICMRDELHI/status/1279624025497427968,https://t.me/Covid19india_Auxiliary_Test_Data/920,,6.88%,8.97%,,,7344
06/07/2020 09:00:00,05/07/2020,210089,6014391,9969662,,,,180596,,https://twitter.com/ICMRDELHI/status/1279980092995694592,https://t.me/Covid19india_Auxiliary_Test_Data/946,,7.00%,9.57%,,,7480
07/07/2020 09:00:00,06/07/2020,206263,6220654,10211092,,,,241430,,https://twitter.com/ICMRDELHI/status/1280347767114629120,https://t.me/Covid19india_Auxiliary_Test_Data/975,,7.05%,9.72%,,,7661
08/07/2020 09:00:00,07/07/2020,205708,6426362,10473771,,,,262679,,https://twitter.com/ICMRDELHI/status/1280707600015749120,https://t.me/Covid19india_Auxiliary_Test_Data/1000,,7.10%,9.75%,,,7858
09/07/2020 09:00:00,08/07/2020,214410,6640772,10740832,,,,267061,,https://twitter.com/ICMRDELHI/status/1281068228542738432,https://t.me/Covid19india_Auxiliary_Test_Data/1022,,7.16%,9.83%,,,8058
10/07/2020 09:00:00,09/07/2020,220582,6861354,11024491,,,,283659,,https://twitter.com/ICMRDELHI/status/1281436467487629312,https://t.me/Covid19india_Auxiliary_Test_Data/1048,,7.21%,9.77%,,,8271
11/07/2020 09:00:00,10/07/2020,207819,7069173,11307002,,,,282511,,https://twitter.com/ICMRDELHI/status/1281794800195301376,https://t.me/Covid19india_Auxiliary_Test_Data/1066,,7.28%,9.80%,,,8483
12/07/2020 09:00:00,11/07/2020,121324,7190497,11587153,,,,280151,,https://twitter.com/ICMRDELHI/status/1282160902507130881,https://t.me/Covid19india_Auxiliary_Test_Data/1091,,7.34%,9.43%,,,8693
13/07/2020 09:00:00,12/07/2020,254734,7445231,11806256,,,,219103,,https://twitter.com/ICMRDELHI/status/1282518284718358528,https://t.me/Covid19india_Auxiliary_Test_Data/1108,,7.45%,9.98%,,,8858
14/07/2020 09:00:00,13/07/2020,249260,7694491,12092503,,,,286247,,https://twitter.com/ICMRDELHI/status/1282888590230319104,https://t.me/Covid19india_Auxiliary_Test_Data/1132,,7.51%,10.14%,,,9072
15/07/2020 09:00:00,14/07/2020,246359,7940850,12412664,,,,320161,,https://twitter.com/ICMRDELHI/status/1283242773781467136,https://t.me/Covid19india_Auxiliary_Test_Data/1159,,7.55%,10.08%,,,9313
16/07/2020 09:00:00,15/07/2020,236139,8176989,12739490,,,,326826,,https://twitter.com/ICMRDELHI/status/1283601928279080960/photo/1,https://t.me/Covid19india_Auxiliary_Test_Data/1177,,7.62%,10.22%,,,9558
17/07/2020 09:00:00,16/07/2020,245724,8422713,13072718,,,,333228,,https://twitter.com/ICMRDELHI/status/1283977904246845442,https://t.me/Covid19india_Auxiliary_Test_Data/1189,,7.69%,10.37%,,,9808
18/07/2020 09:00:00,17/07/2020,240339,8663052,13433742,,,,361024,,https://twitter.com/ICMRDELHI/status/1284329467804966912,https://t.me/Covid19india_Auxiliary_Test_Data/1208,,7.75%,10.29%,,,10079
19/07/2020 09:00:00,18/07/2020,139173,8802225,13791869,,,,358127,,https://twitter.com/ICMRDELHI/status/1284689929360928771,https://t.me/Covid19india_Auxiliary_Test_Data/1225,,7.82%,9.99%,,,10347
20/07/2020 09:00:00,19/07/2020,237985,9040210,14047908,,,,256039,,https://twitter.com/ICMRDELHI/status/1285050262583865355,https://t.me/Covid19india_Auxiliary_Test_Data/1236,,7.96%,10.76%,,,10539
21/07/2020 09:00:00,20/07/2020,252017,9292227,14381303,,,,333395,,https://twitter.com/ICMRDELHI/status/1285414282545393664,https://t.me/Covid19india_Auxiliary_Test_Data/1258,,8.03%,11.04%,,,10789
22/07/2020 09:00:00,21/07/2020,257257,9549484,14724546,,,,343243,,https://twitter.com/ICMRDELHI/status/1285783025494581249,https://t.me/Covid19india_Auxiliary_Test_Data/1284,,8.11%,11.28%,,,11047
23/07/2020 09:00:00,22/07/2020,244935,9794419,15075369,,,,350823,,https://twitter.com/ICMRDELHI/status/1286141514586836993,https://t.me/Covid19india_Auxiliary_Test_Data/1314,,8.22%,11.69%,,,11310
24/07/2020 09:00:00,23/07/2020,257793,10052212,15428170,,,,352801,,https://twitter.com/ICMRDELHI/status/1286510593147510785,https://t.me/Covid19india_Auxiliary_Test_Data/1342,,8.35%,12.42%,,,11575
25/07/2020 09:00:00,24/07/2020,240722,10292934,15849068,,,,420898,,https://twitter.com/ICMRDELHI/status/1286867899387281408,https://t.me/Covid19india_Auxiliary_Test_Data/1361,,8.44%,12.60%,,,11891
26/07/2020 09:00:00,25/07/2020,145033,10437967,16291331,,,,442263,,https://twitter.com/ICMRDELHI/status/1287231590263734273,https://t.me/Covid19india_Auxiliary_Test_Data/1375,,8.51%,11.99%,,,12222
27/07/2020 09:00:00,26/07/2020,272964,10710931,16806803,,,,515472,,http://twitter.com/ICMRDELHI/status/1287592304845320192,https://t.me/Covid19india_Auxiliary_Test_Data/1397,,8.54%,11.59%,,,12609
28/07/2020 09:00:00,27/07/2020,276664,10987595,17334885,,,,528082,,https://twitter.com/ICMRDELHI/status/1287966108058677249,https://t.me/Covid19india_Auxiliary_Test_Data/1415,,8.55%,11.05%,,,13005
29/07/2020 09:00:00,28/07/2020,271658,11259253,17743740,,,,408855,,http://twitter.com/ICMRDELHI/status/1288314973576245249,https://t.me/Covid19india_Auxiliary_Test_Data/1427,,8.63%,10.96%,,,13312
30/07/2020 09:00:00,29/07/2020,288560,11547813,18190382,,,,446642,,http://twitter.com/ICMRDELHI/status/1288670449858048002,https://t.me/Covid19india_Auxiliary_Test_Data/1445,,8.71%,10.73%,,,13647
31/07/2020 09:00:00,30/07/2020,290235,11838048,18832970,,,,642588,,http://twitter.com/ICMRDELHI/status/1289043276205457410,https://t.me/Covid19india_Auxiliary_Test_Data/1464,,8.71%,10.14%,,,14129
01/08/2020 09:00:00,31/07/2020,239760,12077808,19358659,,,,525689,,https://twitter.com/ICMRDELHI/status/1289405341722001408?s=20),https://t.me/Covid19india_Auxiliary_Test_Data/1478,,8.77%,10.11%,,,14524
02/08/2020 09:00:00,01/08/2020,175763,12253571,19821831,,,,463172,,https://twitter.com/ICMRDELHI/status/1289776921459359745,https://t.me/Covid19india_Auxiliary_Test_Data/1492,,8.84%,10.49%,,,14871
03/08/2020 09:00:00,02/08/2020,254035,12507606,20202858,,,,381027,,https://twitter.com/ICMRDELHI/status/1290136251295657986,https://t.me/Covid19india_Auxiliary_Test_Data/1508,,8.93%,11.24%,,,15157
04/08/2020 09:00:00,03/08/2020,310481,12818087,20864750,,,,661892,,http://twitter.com/ICMRDELHI/status/1290484131848024066,https://t.me/Covid19india_Auxiliary_Test_Data/1522,,8.89%,10.36%,,,15654
05/08/2020 09:00:00,04/08/2020,310226,13128313,21484402,,,,619652,,http://twitter.com/ICMRDELHI/status/1290849286985404417,https://t.me/Covid19india_Auxiliary_Test_Data/1540,,8.87%,9.78%,,,16119
06/08/2020 09:00:00,05/08/2020,316470,13444783,22149351,,,,664949,,http://twitter.com/ICMRDELHI/status/1291210644855730176,https://t.me/Covid19india_Auxiliary_Test_Data/1560,,8.86%,9.76%,,,16617
07/08/2020 09:00:00,06/08/2020,330118,13774901,22788393,,,,639042,,http://twitter.com/ICMRDELHI/status/1291581826817908737,https://t.me/Covid19india_Auxiliary_Test_Data/1574,,8.89%,9.57%,,,17097
08/08/2020 09:00:00,07/08/2020,313118,14088019,23387171,,,,598778,,http://twitter.com/ICMRDELHI/status/1291945755314249731,https://t.me/Covid19india_Auxiliary_Test_Data/1596,,8.92%,9.39%,,,17546
09/08/2020 09:00:00,08/08/2020,177363,14265382,24106535,,,,719364,,http://twitter.com/ICMRDELHI/status/1292303919930945537,https://t.me/Covid19india_Auxiliary_Test_Data/1622,,8.93%,8.89%,,,18086
10/08/2020 09:00:00,09/08/2020,178394,14377704,24583558,,,,477023,,https://twitter.com/ICMRDELHI/status/1292671584549789696,https://t.me/Covid19india_Auxiliary_Test_Data/1642,https://t.me/Covid19india_Auxiliary_Test_Data/1889,9.01%,9.65%,,,18444
11/08/2020 09:00:00,10/08/2020,365020,14742724,25281848,,,,698290,,http://twitter.com/ICMRDELHI/status/1293043854820519936,https://t.me/Covid19india_Auxiliary_Test_Data/1660,https://t.me/Covid19india_Auxiliary_Test_Data/1891,8.97%,9.49%,,,18968
12/08/2020 09:00:00,11/08/2020,368344,15111068,26015297,,,,733449,,https://twitter.com/ICMRDELHI/status/1293400350183940096,https://t.me/Covid19india_Auxiliary_Test_Data/1677,https://t.me/Covid19india_Auxiliary_Test_Data/1891,8.95%,9.45%,,,19518
13/08/2020 09:00:00,12/08/2020,392348,15503416,26845688,,,,830391,,https://twitter.com/ICMRDELHI/status/1293766272744697856?s=20,https://t.me/Covid19india_Auxiliary_Test_Data/1692,https://t.me/Covid19india_Auxiliary_Test_Data/1891,8.92%,9.12%,,,20141
14/08/2020 09:00:00,13/08/2020,410635,15914051,27694416,,,,848728,,http://twitter.com/ICMRDELHI/status/1294118346384797697,https://t.me/Covid19india_Auxiliary_Test_Data/1704,https://t.me/Covid19india_Auxiliary_Test_Data/1891,8.88%,8.65%,,,20778
15/08/2020 09:00:00,14/08/2020,391987,16306038,28563095,,,,868679,,http://twitter.com/ICMRDELHI/status/1294485146712698880,https://t.me/Covid19india_Auxiliary_Test_Data/1724,https://t.me/Covid19india_Auxiliary_Test_Data/1891,8.84%,8.37%,,,21429
16/08/2020 09:00:00,15/08/2020,262944,16568982,29309703,,,,746608,,http://twitter.com/ICMRDELHI/status/1294841110259326976,https://t.me/Covid19india_Auxiliary_Test_Data/1739,https://t.me/Covid19india_Auxiliary_Test_Data/1891,8.83%,7.94%,,,21989
17/08/2020 09:00:00,16/08/2020,234952,16803934,30041400,,,,731697,,http://twitter.com/ICMRDELHI/status/1295198089125355521,https://t.me/Covid19india_Auxiliary_Test_Data/1752,,8.81%,7.99%,,,22538
18/08/2020 09:00:00,17/08/2020,447058,17250992,30941264,,,,899864,,https://twitter.com/ICMRDELHI/status/1295561779540459520,https://t.me/Covid19india_Auxiliary_Test_Data/1771,https://t.me/Covid19india_Auxiliary_Test_Data/1894,8.73%,7.58%,,,23213
19/08/2020 09:00:00,18/08/2020,438072,17689064,31742782,,,,801518,,http://twitter.com/ICMRDELHI/status/1295929066009182210,https://t.me/Covid19india_Auxiliary_Test_Data/1791,https://t.me/Covid19india_Auxiliary_Test_Data/1894,8.72%,7.58%,,,23815
20/08/2020 09:00:00,19/08/2020,424438,18113502,32661252,,,,918470,,https://twitter.com/ICMRDELHI/status/1296296417372250113,https://t.me/Covid19india_Auxiliary_Test_Data/1804,https://t.me/Covid19india_Auxiliary_Test_Data/1894,8.68%,7.57%,,,24504
21/08/2020 09:00:00,20/08/2020,423479,18536981,33467237,,,,805985,,http://twitter.com/ICMRDELHI/status/1296650359285243905,https://t.me/Covid19india_Auxiliary_Test_Data/1820,https://t.me/Covid19india_Auxiliary_Test_Data/1894,8.68%,7.73%,,,25109
22/08/2020 09:00:00,21/08/2020,416067,18953048,34491073,,,,1023836,,http://twitter.com/ICMRDELHI/status/1297010234624315393,https://t.me/Covid19india_Auxiliary_Test_Data/1839,https://t.me/Covid19india_Auxiliary_Test_Data/1879,8.62%,7.41%,,,25877
23/08/2020 09:00:00,22/08/2020,331560,19284608,35292220,,,,801147,,https://twitter.com/ICMRDELHI/status/1297387806818353152,https://t.me/Covid19india_Auxiliary_Test_Data/1862,https://t.me/Covid19india_Auxiliary_Test_Data/1881,8.62%,7.54%,,,26478
24/08/2020 09:00:00,23/08/2020,256070,19540678,35902137,,,,609917,,https://twitter.com/ICMRDELHI/status/1297742879255719936?s=20,https://t.me/Covid19india_Auxiliary_Test_Data/1874,https://t.me/Covid19india_Auxiliary_Test_Data/1875,8.65%,8.14%,,,26935
25/08/2020 09:00:00,24/08/2020,458481,19999159,36827520,,,,925383,,https://twitter.com/ICMRDELHI/status/1298107913597153280?s=20,https://t.me/Covid19india_Auxiliary_Test_Data/1904,https://t.me/Covid19india_Auxiliary_Test_Data/1902,8.59%,7.83%,,,27630
26/08/2020 09:00:00,25/08/2020,474795,20473954,37651512,,,,823992,,https://twitter.com/ICMRDELHI/status/1298463649770553344?s=20,https://t.me/Covid19india_Auxiliary_Test_Data/1923,https://t.me/Covid19india_Auxiliary_Test_Data/1920,8.58%,7.93%,,,28248
27/08/2020 09:00:00,26/08/2020,473145,20947099,38576510,,,,924998,,https://twitter.com/ICMRDELHI/status/1298823131100938241?s=20,https://t.me/Covid19india_Auxiliary_Test_Data/1944,https://t.me/Covid19india_Auxiliary_Test_Data/1941,8.57%,7.90%,,,28942
28/08/2020 09:00:00,27/08/2020,458987,21406086,39477848,,,,901338,,https://twitter.com/ICMRDELHI/status/1299192086776786944?s=20,https://t.me/Covid19india_Auxiliary_Test_Data/1964,https://t.me/Covid19india_Auxiliary_Test_Data/1961,8.57%,8.25%,,,29618
29/08/2020 09:00:00,28/08/2020,450468,21856554,40406609,,,,928761,,https://twitter.com/ICMRDELHI/status/1299572890631770112?s=20,https://t.me/Covid19india_Auxiliary_Test_Data/1985,https://t.me/Covid19india_Auxiliary_Test_Data/1982,8.57%,8.17%,,,30315
30/08/2020 09:00:00,29/08/2020,431191,22287745,41461636,,,,1055027,,http://twitter.com/ICMRDELHI/status/1299912932717813761,https://t.me/Covid19india_Auxiliary_Test_Data/2002,https://t.me/Covid19india_Auxiliary_Test_Data/2004?single,8.54%,7.82%,,,31106
31/08/2020 09:00:00,30/08/2020,257124,22544869,42307914,,,,846278,,https://twitter.com/ICMRDELHI/status/1300277342275690497?s=20,https://t.me/Covid19india_Auxiliary_Test_Data/2038,https://t.me/Covid19india_Auxiliary_Test_Data/2036,8.55%,8.29%,,,31741
01/09/2020 09:00:00,31/08/2020,481071,23025940,43324834,,,,1016920,,https://twitter.com/ICMRDELHI/status/1300631123190374403?s=20,https://t.me/Covid19india_Auxiliary_Test_Data/2058,https://t.me/Covid19india_Auxiliary_Test_Data/2050,8.51%,8.04%,,,32504
02/09/2020 09:00:00,01/09/2020,460496,23486436,44337201,,,,1012367,,https://twitter.com/ICMRDELHI/status/1300994754692358144?s=20,https://t.me/Covid19india_Auxiliary_Test_Data/2080,https://t.me/Covid19india_Auxiliary_Test_Data/2078,8.49%,7.96%,,,33264
03/09/2020 09:00:00,02/09/2020,447027,23933463,45509380,,,,1172179,,https://twitter.com/ICMRDELHI/status/1301358861308157953?s=20,https://t.me/Covid19india_Auxiliary_Test_Data/2107,https://t.me/Covid19india_Auxiliary_Test_Data/2104,8.46%,7.70%,,,34143
04/09/2020 09:00:00,03/09/2020,452079,24385542,46679145,,,,1169765,,https://twitter.com/ICMRDELHI/status/1301719643657175040?s=20,https://t.me/Covid19india_Auxiliary_Test_Data/2132,https://t.me/Covid19india_Auxiliary_Test_Data/2130,8.43%,7.52%,,,35021
05/09/2020 09:00:00,04/09/2020,466152,24851694,47738491,,,,1059346,,https://twitter.com/ICMRDELHI/status/1302095137435086848?s=20,https://t.me/Covid19india_Auxiliary_Test_Data/2154,https://t.me/Covid19india_Auxiliary_Test_Data/2152,8.42%,7.66%,,,35816
06/09/2020 09:00:00,05/09/2020,437621,25289315,48831145,,,,1092654,,http://twitter.com/ICMRDELHI/status/1302441910481559552,https://t.me/Covid19india_Auxiliary_Test_Data/2181,https://t.me/Covid19india_Auxiliary_Test_Data/2179,8.42%,7.54%,,,36635
07/09/2020 09:00:00,06/09/2020,258804,25548119,49551507,,,,720362,,https://www.icmr.gov.in/pdf/covid/update/ICMR_testing_update_07Sept2020.pdf,https://t.me/Covid19india_Auxiliary_Test_Data/2204,https://t.me/Covid19india_Auxiliary_Test_Data/2208,8.48%,8.26%,,,37176
08/09/2020 09:00:00,07/09/2020,467276,26015395,50650128,,,,1098621,,http://twitter.com/ICMRDELHI/status/1303170261689094144,https://t.me/Covid19india_Auxiliary_Test_Data/2234,https://t.me/Covid19india_Auxiliary_Test_Data/2232,8.45%,8.10%,,,38000
09/09/2020 09:00:00,08/09/2020,487554,26502949,51804677,,,,1154549,,https://twitter.com/ICMRDELHI/status/1303528964766408704?s=20,https://t.me/Covid19india_Auxiliary_Test_Data/2253,https://t.me/Covid19india_Auxiliary_Test_Data/2250,8.43%,8.24%,,,38866
10/09/2020 09:00:00,09/09/2020,480433,26983382,52934433,,,,1129756,,http://twitter.com/ICMRDELHI/status/1303895987639918595,https://t.me/Covid19india_Auxiliary_Test_Data/2271,https://t.me/Covid19india_Auxiliary_Test_Data/2269,8.43%,8.47%,,,39714
11/09/2020 09:00:00,10/09/2020,474975,27458357,54097975,,,,1163542,,http://twitter.com/ICMRDELHI/status/1304256905628585984,https://t.me/Covid19india_Auxiliary_Test_Data/2293,https://t.me/Covid19india_Auxiliary_Test_Data/2294,8.43%,8.48%,,,40587
12/09/2020 09:00:00,11/09/2020,473131,27931488,55189226,,,,1091251,,https://www.icmr.gov.in/pdf/covid/update/ICMR_testing_update_12Sept2020.pdf,https://t.me/Covid19india_Auxiliary_Test_Data/2317,https://t.me/Covid19india_Auxiliary_Test_Data/2315,8.44%,8.60%,,,41405
13/09/2020 09:00:00,12/09/2020,444887,28376375,56260928,,,,1071702,,https://www.icmr.gov.in/pdf/covid/update/ICMR_testing_update_13Sept2020.pdf,https://t.me/Covid19india_Auxiliary_Test_Data/2334,https://t.me/Covid19india_Auxiliary_Test_Data/2335,8.45%,8.19%,,,42209
14/09/2020 09:00:00,13/09/2020,263973,28640348,57239428,,,,978500,,https://www.icmr.gov.in/pdf/covid/update/ICMR_testing_update_14Sept2020.pdf,https://t.me/Covid19india_Auxiliary_Test_Data/2357,https://t.me/Covid19india_Auxiliary_Test_Data/2355,8.46%,8.61%,,,42944
15/09/2020 09:00:00,14/09/2020,485458,29125806,58312273,,,,1072845,,http://twitter.com/ICMRDELHI/status/1305699536300511232,https://t.me/Covid19india_Auxiliary_Test_Data/2377,https://t.me/Covid19india_Auxiliary_Test_Data/2375,8.45%,8.60%,,,43748
16/09/2020 09:00:00,15/09/2020,496917,29622723,59429115,,,,1116842,,https://www.icmr.gov.in/pdf/covid/update/ICMR_testing_update_16Sept2020.pdf,https://t.me/Covid19india_Auxiliary_Test_Data/2401,https://t.me/Covid19india_Auxiliary_Test_Data/2398,8.44%,8.55%,,,44586
17/09/2020 09:00:00,16/09/2020,488309,30111032,60565728,,,,1136613,,http://twitter.com/ICMRDELHI/status/1306426219882258433,https://t.me/Covid19india_Auxiliary_Test_Data/2419,https://t.me/Covid19india_Auxiliary_Test_Data/2420,8.45%,8.60%,,,45439
18/09/2020 09:00:00,17/09/2020,416189,30527221,61572343,,,,1006615,,https://www.icmr.gov.in/pdf/covid/update/ICMR_testing_update_18Sept2020.pdf,https://t.me/Covid19india_Auxiliary_Test_Data/2436,https://t.me/Covid19india_Auxiliary_Test_Data/2437,8.47%,8.70%,,,46194
19/09/2020 09:00:00,18/09/2020,477426,31004647,62454254,,,,881911,,https://www.icmr.gov.in/pdf/covid/update/ICMR_testing_update_19Sept2020.pdf,https://t.me/Covid19india_Auxiliary_Test_Data/2453,https://t.me/Covid19india_Auxiliary_Test_Data/2451,8.50%,8.94%,,,46856
20/09/2020 09:00:00,19/09/2020,454782,31459429,63661060,,,,1206806,,http://twitter.com/ICMRDELHI/status/1307521264051912704,https://t.me/Covid19india_Auxiliary_Test_Data/2470,https://t.me/Covid19india_Auxiliary_Test_Data/2471,8.48%,8.61%,,,47761
21/09/2020 09:00:00,20/09/2020,284397,31743826,64392594,,,,731534,,http://twitter.com/ICMRDELHI/status/1307882901397073920,https://t.me/Covid19india_Auxiliary_Test_Data/2491,https://t.me/Covid19india_Auxiliary_Test_Data/2492,8.52%,9.19%,,,48310
22/09/2020 09:00:00,21/09/2020,502378,32246204,65325779,,,,933185,,http://twitter.com/ICMRDELHI/status/1308247067198799873,https://t.me/Covid19india_Auxiliary_Test_Data/2511,https://t.me/Covid19india_Auxiliary_Test_Data/2512,8.51%,9.19%,,,49010
23/09/2020 09:00:00,22/09/2020,477203,32723407,66279462,,,,953683,,https://www.icmr.gov.in/pdf/covid/update/ICMR_testing_update_23Sept2020.pdf,https://t.me/Covid19india_Auxiliary_Test_Data/2535,https://t.me/Covid19india_Auxiliary_Test_Data/2536,8.51%,9.23%,,,49726
24/09/2020 09:00:00,23/09/2020,467424,33190831,67436031,,,,1156569,,http://twitter.com/ICMRDELHI/status/1308967193292365825,https://t.me/Covid19india_Auxiliary_Test_Data/2555,https://t.me/Covid19india_Auxiliary_Test_Data/2557?single,8.50%,8.83%,,,50593
25/09/2020 09:00:00,24/09/2020,455629,33646460,68928440,,,,1492409,,http://twitter.com/ICMRDELHI/status/1309329991100817409,https://t.me/Covid19india_Auxiliary_Test_Data/2597,https://t.me/Covid19india_Auxiliary_Test_Data/2595,8.44%,7.88%,,,51713
26/09/2020 09:00:00,25/09/2020,449466,34095926,70269975,,,,1341535,,http://twitter.com/ICMRDELHI/status/1309693135790854144,https://t.me/Covid19india_Auxiliary_Test_Data/2615,https://t.me/Covid19india_Auxiliary_Test_Data/2613,8.40%,7.62%,,,52720
27/09/2020 09:00:00,26/09/2020,445709,34541635,71257836,,,,987861,,https://www.icmr.gov.in/pdf/covid/update/ICMR_testing_update_27Sept2020.pdf,https://t.me/Covid19india_Auxiliary_Test_Data/2642,https://t.me/Covid19india_Auxiliary_Test_Data/2639,8.41%,7.36%,,,53461
28/09/2020 09:00:00,27/09/2020,280943,34822578,71967230,,,,709394,,https://www.icmr.gov.in/pdf/covid/update/ICMR_testing_update_28Sept2020.pdf,https://t.me/Covid19india_Auxiliary_Test_Data/2661,https://t.me/Covid19india_Auxiliary_Test_Data/2662,8.44%,7.73%,,,53993
29/09/2020 09:00:00,28/09/2020,588645,35411223,73110041,,,,1142811,,https://www.icmr.gov.in/pdf/covid/update/ICMR_testing_update_29Sept2020.pdf,https://t.me/Covid19india_Auxiliary_Test_Data/2685,https://t.me/Covid19india_Auxiliary_Test_Data/2682,8.40%,7.31%,,,54850
30/09/2020 09:00:00,29/09/2020,591125,36002348,74196729,,,,1086688,,https://www.icmr.gov.in/pdf/covid/update/ICMR_testing_update_30Sept2020.pdf,https://t.me/Covid19india_Auxiliary_Test_Data/2709,https://t.me/Covid19india_Auxiliary_Test_Data/2707,8.39%,7.30%,,,55666
01/10/2020 09:00:00,30/09/2020,581367,36583715,75619781,,,,1423052,,https://www.icmr.gov.in/pdf/covid/update/ICMR_testing_update_01Oct2020.pdf,https://t.me/Covid19india_Auxiliary_Test_Data/2729,https://t.me/Covid19india_Auxiliary_Test_Data/2727,8.34%,7.39%,,,56733
02/10/2020 09:00:00,01/10/2020,501362,37085077,76717728,,,,1097947,,https://www.icmr.gov.in/pdf/covid/update/ICMR_testing_update_02Oct2020.pdf,https://t.me/Covid19india_Auxiliary_Test_Data/2742,https://t.me/Covid19india_Auxiliary_Test_Data/2743,8.33%,7.60%,,,57557
03/10/2020 09:00:00,02/10/2020,382957,37468034,77850403,,,,1132675,,https://www.icmr.gov.in/pdf/covid/update/ICMR_testing_update_03Oct2020.pdf,https://t.me/Covid19india_Auxiliary_Test_Data/2765,https://t.me/Covid19india_Auxiliary_Test_Data/2770,8.31%,7.30%,,,58407
04/10/2020 09:00:00,03/10/2020,463646,37931680,78992534,,,,1142131,,http://twitter.com/ICMRDELHI/status/1312595656842698753,https://t.me/Covid19india_Auxiliary_Test_Data/2784,https://t.me/Covid19india_Auxiliary_Test_Data/2782,8.29%,6.75%,,,59264
05/10/2020 09:00:00,04/10/2020,280597,38212277,79982394,,,,989860,,http://twitter.com/ICMRDELHI/status/1312955037144891392,https://t.me/Covid19india_Auxiliary_Test_Data/2802,https://t.me/Covid19india_Auxiliary_Test_Data/2800,8.28%,6.97%,,,60006
06/10/2020 09:00:00,05/10/2020,505659,38717936,81071797,,,,1089503,,http://twitter.com/ICMRDELHI/status/1313322633006473217,https://t.me/Covid19india_Auxiliary_Test_Data/2822,https://t.me/Covid19india_Auxiliary_Test_Data/2823,8.24%,6.67%,,,60824
07/10/2020 09:00:00,06/10/2020,501236,39219172,82271654,,,,1199857,,http://twitter.com/ICMRDELHI/status/1313681967225794560,https://t.me/Covid19india_Auxiliary_Test_Data/2845,https://t.me/Covid19india_Auxiliary_Test_Data/2846,8.21%,6.67%,,,61724
08/10/2020 09:00:00,07/10/2020,510461,39729633,83465975,,,,1194321,,https://twitter.com/ICMRDELHI/status/1314043766722891776/photo/1,https://t.me/Covid19india_Auxiliary_Test_Data/2870?single,https://t.me/Covid19india_Auxiliary_Test_Data/2868,8.19%,6.53%,,,62620
09/10/2020 09:00:00,08/10/2020,499707,40229340,84634680,,,,1168705,,http://twitter.com/ICMRDELHI/status/1314436130092150785,https://t.me/Covid19india_Auxiliary_Test_Data/2891,https://t.me/Covid19india_Auxiliary_Test_Data/2892,8.16%,6.37%,,,63497
10/10/2020 09:00:00,09/10/2020,500344,40729684,85798698,,,,1164018,,http://twitter.com/ICMRDELHI/status/1314769857041231873,https://t.me/Covid19india_Auxiliary_Test_Data/2909,https://t.me/Covid19india_Auxiliary_Test_Data/2907,8.13%,6.31%,,,64370
11/10/2020 09:00:00,10/10/2020,469497,41199181,86877242,,,,1078544,,http://twitter.com/ICMRDELHI/status/1315130096689111045,https://t.me/Covid19india_Auxiliary_Test_Data/2922,https://t.me/Covid19india_Auxiliary_Test_Data/2934,8.12%,6.23%,,,65179
12/10/2020 09:00:00,11/10/2020,287718,41486899,87872093,,,,994851,,https://twitter.com/ICMRDELHI/status/1315497605456039937/photo/1,https://t.me/Covid19india_Auxiliary_Test_Data/2943,https://t.me/Covid19india_Auxiliary_Test_Data/2950,8.10%,6.43%,,,65925
13/10/2020 09:00:00,12/10/2020,581322,42068221,88945107,,,,1073014,,http://twitter.com/ICMRDELHI/status/1315855012623335424,https://t.me/Covid19india_Auxiliary_Test_Data/2963,https://t.me/Covid19india_Auxiliary_Test_Data/2964,8.07%,6.28%,,,66731
14/10/2020 09:00:00,13/10/2020,576342,42644563,90090122,,,,1145015,,https://www.icmr.gov.in/pdf/covid/update/ICMR_testing_update_14Oct2020.pdf,https://t.me/Covid19india_Auxiliary_Test_Data/2986,https://t.me/Covid19india_Auxiliary_Test_Data/2984,8.03%,6.10%,,,67590
15/10/2020 09:00:00,14/10/2020,554307,43198870,91226305,,,,1136183,,https://www.icmr.gov.in/pdf/covid/update/ICMR_testing_update_15Oct2020.pdf,https://t.me/Covid19india_Auxiliary_Test_Data/2999,https://t.me/Covid19india_Auxiliary_Test_Data/3000,8.01%,6.09%,,,68442
16/10/2020 09:00:00,15/10/2020,494383,43693253,92254927,,,,1028622,,https://www.icmr.gov.in/pdf/covid/update/ICMR_testing_update_16Oct2020.pdf,https://t.me/Covid19india_Auxiliary_Test_Data/3020,https://t.me/Covid19india_Auxiliary_Test_Data/3018,7.99%,6.06%,,,69214
17/10/2020 09:00:00,16/10/2020,484845,44178098,93254017,,,,999090,,http://twitter.com/ICMRDELHI/status/1317307451083878401,https://t.me/Covid19india_Auxiliary_Test_Data/3041,https://t.me/Covid19india_Auxiliary_Test_Data/3039,7.97%,5.95%,,,69963
18/10/2020 09:00:00,17/10/2020,427118,44605216,94224190,,,,970173,,http://twitter.com/ICMRDELHI/status/1317670159289516034,https://t.me/Covid19india_Auxiliary_Test_Data/3059,https://t.me/Covid19india_Auxiliary_Test_Data/3060,7.95%,5.88%,,,70691
19/10/2020 09:00:00,18/10/2020,262975,44868191,95083976,,,,859786,,http://twitter.com/ICMRDELHI/status/1318037255374602240,https://t.me/Covid19india_Auxiliary_Test_Data/3078,https://t.me/Covid19india_Auxiliary_Test_Data/3079,7.94%,6.12%,,,71336
20/10/2020 09:00:00,19/10/2020,495081,45363272,96116771,,,,1032795,,https://www.icmr.gov.in/pdf/covid/update/ICMR_testing_update_20Oct2020.pdf,https://t.me/Covid19india_Auxiliary_Test_Data/3100,https://t.me/Covid19india_Auxiliary_Test_Data/3101,7.90%,5.93%,,,72111
21/10/2020 09:00:00,20/10/2020,485536,45848808,97200379,,,,1083608,,https://www.icmr.gov.in/pdf/covid/update/ICMR_testing_update_21Oct2020.pdf,https://t.me/Covid19india_Auxiliary_Test_Data/3119,https://t.me/Covid19india_Auxiliary_Test_Data/3117,7.87%,5.76%,,,72924
22/10/2020 09:00:00,21/10/2020,502194,46351002,98670363,,,,1469984,,https://www.icmr.gov.in/pdf/covid/update/ICMR_testing_update_22Oct2020.pdf,https://t.me/Covid19india_Auxiliary_Test_Data/3141,,7.81%,5.25%,,,74027
23/10/2020 09:00:00,22/10/2020,477515,46828517,100113085,,,,1442722,,https://www.icmr.gov.in/pdf/covid/update/ICMR_testing_update_23Oct2020.pdf,https://t.me/Covid19india_Auxiliary_Test_Data/3162,https://t.me/Covid19india_Auxiliary_Test_Data/3160,7.75%,4.80%,,,75109
24/10/2020 09:00:00,23/10/2020,441068,47269585,101382564,,,,1269479,,https://www.icmr.gov.in/pdf/covid/update/ICMR_testing_update_24Oct2020.pdf,https://t.me/Covid19india_Auxiliary_Test_Data/3181,https://t.me/Covid19india_Auxiliary_Test_Data/3179,7.71%,4.48%,,,76062
25/10/2020 09:00:00,24/10/2020,368626,47638211,102523469,,,,1140905,,https://twitter.com/ICMRDELHI/status/1320208228383256579?s=20,https://t.me/Covid19india_Auxiliary_Test_Data/3201,https://t.me/Covid19india_Auxiliary_Test_Data/3199,7.67%,4.23%,,,76918
26/10/2020 09:00:00,25/10/2020,206259,47844470,103462778,,,,939309,,http://twitter.com/ICMRDELHI/status/1320569378073554945,https://t.me/Covid19india_Auxiliary_Test_Data/3218,https://t.me/Covid19india_Auxiliary_Test_Data/3236,7.65%,4.29%,,,77622
27/10/2020 09:00:00,26/10/2020,342295,48186765,104420894,,,,958116,,http://twitter.com/ICMRDELHI/status/1320932027005165570,https://t.me/Covid19india_Auxiliary_Test_Data/3241,https://t.me/Covid19india_Auxiliary_Test_Data/3239,7.61%,4.11%,,,78341
28/10/2020 09:00:00,27/10/2020,471156,48657921,105487680,,,,1066786,,http://twitter.com/ICMRDELHI/status/1321290607042637825,https://t.me/Covid19india_Auxiliary_Test_Data/3267,https://t.me/Covid19india_Auxiliary_Test_Data/3265,7.57%,4.16%,,,79141
29/10/2020 09:00:00,28/10/2020,485050,49142971,106563440,,,,1075760,,http://twitter.com/ICMRDELHI/status/1321659225051865090,https://t.me/Covid19india_Auxiliary_Test_Data/3288,https://t.me/Covid19india_Auxiliary_Test_Data/3291,7.54%,4.33%,,,79949
30/10/2020 09:00:00,29/10/2020,480554,49623525,107728088,,,,1164648,,http://twitter.com/ICMRDELHI/status/1322020841295552515,https://t.me/Covid19india_Auxiliary_Test_Data/3321,,7.51%,4.32%,,,80822
31/10/2020 09:00:00,30/10/2020,417053,50040578,108796064,,,,1067976,,https://www.icmr.gov.in/pdf/covid/update/ICMR_testing_update_31Oct2020.pdf,https://t.me/Covid19india_Auxiliary_Test_Data/3349,,7.48%,4.34%,,,81624
01/11/2020 09:00:00,31/10/2020,455151,50495729,109887303,,,,1091239,,http://twitter.com/ICMRDELHI/status/1322743671599501313,https://t.me/Covid19india_Auxiliary_Test_Data/3390,,7.45%,4.25%,,,82442
02/11/2020 09:00:00,1/11/2020,287501,50783230,110743103,,,,855800,,https://www.icmr.gov.in/pdf/covid/update/ICMR_testing_update_02Nov2020.pdf,https://t.me/Covid19india_Auxiliary_Test_Data/3419,,7.43%,4.48%,,,83084
03/11/2020 09:00:00,2/11/2020,509065,51292295,111789350,,,,1046247,,http://twitter.com/ICMRDELHI/status/1323472917510811649,https://t.me/Covid19india_Auxiliary_Test_Data/3461,,7.40%,4.41%,,,83869
04/11/2020 09:00:00,3/11/2020,491598,51783893,112998959,,,,1209609,,http://twitter.com/ICMRDELHI/status/1323831899815469056,,,7.36%,4.25%,,,84777
05/11/2020 09:00:00,4/11/2020,469345,52253238,114208384,,,,1209425,,http://twitter.com/ICMRDELHI/status/1324191902778880000,,,7.32%,4.25%,,,85684
06/11/2020 09:00:00,5/11/2020,481437,52734675,115429095,,,,1220711,,http://twitter.com/ICMRDELHI/status/1324573683118006275,,,7.29%,4.14%,,,86600
07/11/2020 09:00:00,6/11/2020,485998,53220673,116542304,,,,1113209,,http://twitter.com/ICMRDELHI/status/1324920723220037632,,,7.26%,4.17%,,,87435
08/11/2020 09:00:00,7/11/2020,458271,53678944,117736791,,,,1194487,,http://twitter.com/ICMRDELHI/status/1325288495703732224,,,7.23%,3.97%,,,88331
09/11/2020 09:00:00,8/11/2020,273283,53952227,118572192,,,,835401,,http://twitter.com/ICMRDELHI/status/1325646872417988608,,,7.21%,4.23%,,,88958
10/11/2020 09:00:00,9/11/2020,506379,54458606,119615857,,,,1043665,,https://www.icmr.gov.in/pdf/covid/update/ICMR_testing_update_10Nov2020.pdf,,,7.18%,4.20%,,,89741
11/11/2020 09:00:00,10/11/2020,480849,54939455,120769151,,,,1153294,,http://twitter.com/ICMRDELHI/status/1326365809195716609,,,7.15%,4.15%,,,90606
12/11/2020 09:00:00,11/11/2020,477723,55417178,121962509,,,,1193358,,https://twitter.com/ICMRDELHI/status/1326732107004084224,,,7.12%,4.18%,,,91502
13/11/2020 09:00:00,12/11/2020,462600,55879778,123101739,,,,1139230,,http://twitter.com/ICMRDELHI/status/1327091930115710976,,,7.09%,4.08%,,,92356
14/11/2020 09:00:00,13/11/2020,433736,56313514,124031230,,,,929491,,http://twitter.com/ICMRDELHI/status/1327452240676753408,,,7.07%,4.23%,,,93054
15/11/2020 09:00:00,14/11/2020,213948,56527462,124836819,,,,805589,,http://twitter.com/ICMRDELHI/status/1327818555035828224,,,7.06%,4.17%,,,93658
16/11/2020 09:00:00,15/11/2020,207819,56735281,125698525,,,,861706,,https://twitter.com/ICMRDELHI/status/1328175103880822784?s=20,,,7.04%,4.19%,,,94305
17/11/2020 09:00:00,16/11/2020,361403,57096684,126542907,,,,844382,,http://twitter.com/ICMRDELHI/status/1328542403368603654,,,7.01%,4.13%,,,94938
18/11/2020 09:00:00,17/11/2020,525029,57621713,127480186,,,,937279,,http://twitter.com/ICMRDELHI/status/1328903118575177730,,,6.99%,4.15%,,,95641
19/11/2020 09:00:00,18/11/2020,560703,58182416,128508389,,,,1028203,,http://twitter.com/ICMRDELHI/status/1329267164138803201,,,6.97%,4.25%,,,96413
20/11/2020 09:00:00,19/11/2020,535878,58718294,129591786,,,,1083397,,https://www.icmr.gov.in/pdf/covid/update/ICMR_testing_update_20Nov2020.pdf,,,6.95%,4.16%,,,97225
21/11/2020 09:00:00,20/11/2020,567454,59285748,130657808,,,,1066022,,http://twitter.com/ICMRDELHI/status/1329993707647451138,,,6.93%,4.05%,,,98025
22/11/2020 09:00:00,21/11/2020,536629,59822377,131733134,,,,1075326,,http://twitter.com/ICMRDELHI/status/1330352228213743616,,,6.90%,4.15%,,,98832
23/11/2020 09:00:00,22/11/2020,301185,60123562,132582730,,,,849596,,https://twitter.com/ICMRDELHI/status/1330715081617801217?s=20,,,6.89%,4.41%,,,99469
24/11/2020 09:00:00,23/11/2020,563281,60686843,133682275,,,,1099545,,https://www.icmr.gov.in/pdf/covid/update/ICMR_testing_update_24Nov2020.pdf,,,6.87%,4.27%,,,100294
25/11/2020 09:00:00,24/11/2020,552422,61239265,134841307,,,,1159032,,https://www.icmr.gov.in/pdf/covid/update/ICMR_testing_update_25Nov2020.pdf,,,6.84%,4.17%,,,101164
26/11/2020 09:00:00,25/11/2020,520170,61759435,135931545,,,,1090238,,http://twitter.com/ICMRDELHI/status/1331805544739348480,,,6.82%,4.14%,,,101982
27/11/2020 09:00:00,26/11/2020,496598,62256033,137062749,,,,1131204,,https://www.icmr.gov.in/pdf/covid/update/ICMR_testing_update_27Nov2020.pdf,,,6.79%,4.05%,,,102830
28/11/2020 09:00:00,27/11/2020,535495,62791528,138220354,,,,1157605,,http://twitter.com/ICMRDELHI/status/1332552259826188291,,,6.77%,3.94%,,,103699
29/11/2020 09:00:00,28/11/2020,570035,63361563,139503803,,,,1283449,,https://www.icmr.gov.in/pdf/covid/update/ICMR_testing_update_29Nov2020.pdf,,,6.73%,3.65%,,,104662
30/11/2020 09:00:00,29/11/2020,332341,63693904,140379976,,,,876173,,http://twitter.com/ICMRDELHI/status/1333254628410945536,,,6.72%,3.80%,,,105319
01/12/2020 09:00:00,30/11/2020,475345,64169249,141349301,,,,969325,,https://twitter.com/ICMRDELHI/status/1333632992900567041?s=20,,,,,,,
02/12/2020 09:00:00,1/12/2020,548347,64717596,142445952,,,,1096651,,http://twitter.com/ICMRDELHI/status/1333975480140259328,,,,,,,
03/12/2020 09:00:00,2/12/2020,543945,65261541,143557650,,,,1111698,,http://twitter.com/ICMRDELHI/status/1334338099531243520,,,,,,,
04/12/2020 09:00:00,3/12/2020,512076,65773617,144727749,,,,1170102,,http://twitter.com/ICMRDELHI/status/1334701824960471044,,,,,,,
05/12/2020 09:00:00,4/12/2020,531258,66304875,145885512,,,,1157763,,http://twitter.com/ICMRDELHI/status/1335079645113327616,,,,,,,
06/12/2020 09:00:00,5/12/2020,491370,66796245,146986575,,,,1101063,,https://www.icmr.gov.in/pdf/covid/update/ICMR_testing_update_06Dec2020.pdf,,,,,,,
07/12/2020 09:00:00,6/12/2020,276031,67072276,147787656,,,,801081,,http://twitter.com/ICMRDELHI/status/1335788462729924609,,,,,,,
08/12/2020 09:00:00,7/12/2020,530428,67602704,148814055,,,,1026399,,https://twitter.com/ICMRDELHI/status/1336164537226018816?s=20,,,,,,,
09/12/2020 09:00:00,8/12/2020,461101,68063805,149836767,,,,1022712,,twitter.com/ICMRDELHI/status/1336512573538140161/,,,,,,,
10/12/2020 09:00:00,9/12/2020,501207,68565012,150759726,,,,922959,,https://twitter.com/ICMRDELHI/status/1336875858988916736,,,,,,,
11/12/2020 09:00:00,10/12/2020,472563,69037575,151632223,,,,872479,,https://twitter.com/ICMRDELHI/status/1337259604325978118,,,,,,,